Title,Description,Link,Image URL
Door Lock Problem,Click to see the full guide for Door Lock Problem. Get expert insights and solutions.,https://applianceerror.com/e40,https://applianceerror.com/social/e40.png
Drum Motor Control Error,Click to see the full guide for Drum Motor Control Error. Get expert insights and solutions.,https://applianceerror.com/e50,https://applianceerror.com/social/e50.png
Communication Error Between Control Boards (on specific models),Click to see the full guide for Communication Error Between Control Boards (on specific models). Get expert insights and solutions.,https://applianceerror.com/e70,https://applianceerror.com/social/e70.png
Insufficient Water During Washing Stage,Click to see the full guide for Insufficient Water During Washing Stage. Get expert insights and solutions.,https://applianceerror.com/ef1,https://applianceerror.com/social/ef1.png
Water Overflow Error,Click to see the full guide for Water Overflow Error. Get expert insights and solutions.,https://applianceerror.com/ef2,https://applianceerror.com/social/ef2.png
Electronic circuit board fault,Click to see the full guide for Electronic circuit board fault. Get expert insights and solutions.,https://applianceerror.com/f01,https://applianceerror.com/social/f01.png
Door open error,Click to see the full guide for Door open error. Get expert insights and solutions.,https://applianceerror.com/f02,https://applianceerror.com/social/f02.png
Temperature sensing fault,Click to see the full guide for Temperature sensing fault. Get expert insights and solutions.,https://applianceerror.com/f03,https://applianceerror.com/social/f03.png
Water filling error,Click to see the full guide for Water filling error. Get expert insights and solutions.,https://applianceerror.com/f04,https://applianceerror.com/social/f04.png
Waste pipe blockage or pump issue,Click to see the full guide for Waste pipe blockage or pump issue. Get expert insights and solutions.,https://applianceerror.com/f05,https://applianceerror.com/social/f05.png
Door lock fault,Click to see the full guide for Door lock fault. Get expert insights and solutions.,https://applianceerror.com/f06,https://applianceerror.com/social/f06.png
Heater relay stuck,Click to see the full guide for Heater relay stuck. Get expert insights and solutions.,https://applianceerror.com/f07,https://applianceerror.com/social/f07.png
Heater relay stuck (alternative),Click to see the full guide for Heater relay stuck (alternative). Get expert insights and solutions.,https://applianceerror.com/f08,https://applianceerror.com/social/f08.png
Setup Error,Click to see the full guide for Setup Error. Get expert insights and solutions.,https://applianceerror.com/f09,https://applianceerror.com/social/f09.png
Pressure Switch,Click to see the full guide for Pressure Switch. Get expert insights and solutions.,https://applianceerror.com/f10,https://applianceerror.com/social/f10.png
Drain pump,Click to see the full guide for Drain pump. Get expert insights and solutions.,https://applianceerror.com/f11,https://applianceerror.com/social/f11.png
No communication between control boards,Click to see the full guide for No communication between control boards. Get expert insights and solutions.,https://applianceerror.com/f12,https://applianceerror.com/social/f12.png
Dryer temperature sensing fault (washer dryers only),Click to see the full guide for Dryer temperature sensing fault (washer dryers only). Get expert insights and solutions.,https://applianceerror.com/f13,https://applianceerror.com/social/f13.png
Dryer not heating (washer dryers only),Click to see the full guide for Dryer not heating (washer dryers only). Get expert insights and solutions.,https://applianceerror.com/f14,https://applianceerror.com/social/f14.png
Dryer element relay (washer dryers only),Click to see the full guide for Dryer element relay (washer dryers only). Get expert insights and solutions.,https://applianceerror.com/f15,https://applianceerror.com/social/f15.png
Not used (alternative),Click to see the full guide for Not used (alternative). Get expert insights and solutions.,https://applianceerror.com/f16,https://applianceerror.com/social/f16.png
Door lock,Click to see the full guide for Door lock. Get expert insights and solutions.,https://applianceerror.com/f17,https://applianceerror.com/social/f17.png
Communications Error on 3 phase motor,Click to see the full guide for Communications Error on 3 phase motor. Get expert insights and solutions.,https://applianceerror.com/f18,https://applianceerror.com/social/f18.png
Door Open Error,Click to see the full guide for Door Open Error. Get expert insights and solutions.,https://applianceerror.com/dc,https://applianceerror.com/social/dc.png
Water Filling Error,Click to see the full guide for Water Filling Error. Get expert insights and solutions.,https://applianceerror.com/4e,https://applianceerror.com/social/4e.png
Water Heating Error,Click to see the full guide for Water Heating Error. Get expert insights and solutions.,https://applianceerror.com/he,https://applianceerror.com/social/he.png
Drain Error,Click to see the full guide for Drain Error. Get expert insights and solutions.,https://applianceerror.com/e,https://applianceerror.com/social/e.png
Drum Unbalance Error,Click to see the full guide for Drum Unbalance Error. Get expert insights and solutions.,https://applianceerror.com/ue,https://applianceerror.com/social/ue.png
Motor Error,Click to see the full guide for Motor Error. Get expert insights and solutions.,https://applianceerror.com/3e,https://applianceerror.com/social/3e.png
Water Supply Error (alternative for 4E in some models),Click to see the full guide for Water Supply Error (alternative for 4E in some models). Get expert insights and solutions.,https://applianceerror.com/4c,https://applianceerror.com/social/4c.png
Drain Hose Error,Click to see the full guide for Drain Hose Error. Get expert insights and solutions.,https://applianceerror.com/5e,https://applianceerror.com/social/5e.png
Overflow Error,Click to see the full guide for Overflow Error. Get expert insights and solutions.,https://applianceerror.com/oe,https://applianceerror.com/social/oe.png
Overflow Fault (alternative for OE in some models),Click to see the full guide for Overflow Fault (alternative for OE in some models). Get expert insights and solutions.,https://applianceerror.com/of,https://applianceerror.com/social/of.png
Overcurrent Error,Click to see the full guide for Overcurrent Error. Get expert insights and solutions.,https://applianceerror.com/oc,https://applianceerror.com/social/oc.png
Excessive Suds Error,Click to see the full guide for Excessive Suds Error. Get expert insights and solutions.,https://applianceerror.com/sud,https://applianceerror.com/social/sud.png
Time Error,Click to see the full guide for Time Error. Get expert insights and solutions.,https://applianceerror.com/te,https://applianceerror.com/social/te.png
Child Lock Activated,Click to see the full guide for Child Lock Activated. Get expert insights and solutions.,https://applianceerror.com/cl,https://applianceerror.com/social/cl.png
Sensor Error,Click to see the full guide for Sensor Error. Get expert insights and solutions.,https://applianceerror.com/se,https://applianceerror.com/social/se.png
Communication Error,Click to see the full guide for Communication Error. Get expert insights and solutions.,https://applianceerror.com/nc,https://applianceerror.com/social/nc.png
Electronic circuit board fault,Click to see the full guide for Electronic circuit board fault. Get expert insights and solutions.,https://applianceerror.com/f01,https://applianceerror.com/social/f01.png
Door open error,Click to see the full guide for Door open error. Get expert insights and solutions.,https://applianceerror.com/f02,https://applianceerror.com/social/f02.png
Temperature sensing fault,Click to see the full guide for Temperature sensing fault. Get expert insights and solutions.,https://applianceerror.com/f03,https://applianceerror.com/social/f03.png
Water filling error,Click to see the full guide for Water filling error. Get expert insights and solutions.,https://applianceerror.com/f04,https://applianceerror.com/social/f04.png
Waste pipe blockage or pump issue,Click to see the full guide for Waste pipe blockage or pump issue. Get expert insights and solutions.,https://applianceerror.com/f05,https://applianceerror.com/social/f05.png
Door lock fault,Click to see the full guide for Door lock fault. Get expert insights and solutions.,https://applianceerror.com/f06,https://applianceerror.com/social/f06.png
Heater relay stuck,Click to see the full guide for Heater relay stuck. Get expert insights and solutions.,https://applianceerror.com/f07,https://applianceerror.com/social/f07.png
Heater relay stuck (alternative),Click to see the full guide for Heater relay stuck (alternative). Get expert insights and solutions.,https://applianceerror.com/f08,https://applianceerror.com/social/f08.png
Setup Error,Click to see the full guide for Setup Error. Get expert insights and solutions.,https://applianceerror.com/f09,https://applianceerror.com/social/f09.png
Pressure Switch,Click to see the full guide for Pressure Switch. Get expert insights and solutions.,https://applianceerror.com/f10,https://applianceerror.com/social/f10.png
Drain pump,Click to see the full guide for Drain pump. Get expert insights and solutions.,https://applianceerror.com/f11,https://applianceerror.com/social/f11.png
P0001: Fuel and Air Metering Generic Error,Click to see the full guide for P0001: Fuel and Air Metering Generic Error. Get expert insights and solutions.,https://errorcodehelp.com/p0001-obd2-code,https://errorcodehelp.com/social/p0001-obd2-code.png
P0002: Fuel and Air Metering Generic Error,Click to see the full guide for P0002: Fuel and Air Metering Generic Error. Get expert insights and solutions.,https://errorcodehelp.com/p0002-obd2-code,https://errorcodehelp.com/social/p0002-obd2-code.png
P0003: Fuel and Air Metering Generic Error,Click to see the full guide for P0003: Fuel and Air Metering Generic Error. Get expert insights and solutions.,https://errorcodehelp.com/p0003-obd2-code,https://errorcodehelp.com/social/p0003-obd2-code.png
P0004: Fuel and Air Metering Generic Error,Click to see the full guide for P0004: Fuel and Air Metering Generic Error. Get expert insights and solutions.,https://errorcodehelp.com/p0004-obd2-code,https://errorcodehelp.com/social/p0004-obd2-code.png
P0005: Fuel and Air Metering Generic Error,Click to see the full guide for P0005: Fuel and Air Metering Generic Error. Get expert insights and solutions.,https://errorcodehelp.com/p0005-obd2-code,https://errorcodehelp.com/social/p0005-obd2-code.png
P0006: Fuel and Air Metering Generic Error,Click to see the full guide for P0006: Fuel and Air Metering Generic Error. Get expert insights and solutions.,https://errorcodehelp.com/p0006-obd2-code,https://errorcodehelp.com/social/p0006-obd2-code.png
P0007: Fuel and Air Metering Generic Error,Click to see the full guide for P0007: Fuel and Air Metering Generic Error. Get expert insights and solutions.,https://errorcodehelp.com/p0007-obd2-code,https://errorcodehelp.com/social/p0007-obd2-code.png
P0008: Fuel and Air Metering Generic Error,Click to see the full guide for P0008: Fuel and Air Metering Generic Error. Get expert insights and solutions.,https://errorcodehelp.com/p0008-obd2-code,https://errorcodehelp.com/social/p0008-obd2-code.png
P0009: Fuel and Air Metering Generic Error,Click to see the full guide for P0009: Fuel and Air Metering Generic Error. Get expert insights and solutions.,https://errorcodehelp.com/p0009-obd2-code,https://errorcodehelp.com/social/p0009-obd2-code.png
P0010: Fuel and Air Metering Generic Error,Click to see the full guide for P0010: Fuel and Air Metering Generic Error. Get expert insights and solutions.,https://errorcodehelp.com/p0010-obd2-code,https://errorcodehelp.com/social/p0010-obd2-code.png
P0011: Fuel and Air Metering Generic Error,Click to see the full guide for P0011: Fuel and Air Metering Generic Error. Get expert insights and solutions.,https://errorcodehelp.com/p0011-obd2-code,https://errorcodehelp.com/social/p0011-obd2-code.png
P0012: Fuel and Air Metering Generic Error,Click to see the full guide for P0012: Fuel and Air Metering Generic Error. Get expert insights and solutions.,https://errorcodehelp.com/p0012-obd2-code,https://errorcodehelp.com/social/p0012-obd2-code.png
P0013: Fuel and Air Metering Generic Error,Click to see the full guide for P0013: Fuel and Air Metering Generic Error. Get expert insights and solutions.,https://errorcodehelp.com/p0013-obd2-code,https://errorcodehelp.com/social/p0013-obd2-code.png
P0014: Fuel and Air Metering Generic Error,Click to see the full guide for P0014: Fuel and Air Metering Generic Error. Get expert insights and solutions.,https://errorcodehelp.com/p0014-obd2-code,https://errorcodehelp.com/social/p0014-obd2-code.png
P0015: Fuel and Air Metering Generic Error,Click to see the full guide for P0015: Fuel and Air Metering Generic Error. Get expert insights and solutions.,https://errorcodehelp.com/p0015-obd2-code,https://errorcodehelp.com/social/p0015-obd2-code.png
P0016: Fuel and Air Metering Generic Error,Click to see the full guide for P0016: Fuel and Air Metering Generic Error. Get expert insights and solutions.,https://errorcodehelp.com/p0016-obd2-code,https://errorcodehelp.com/social/p0016-obd2-code.png
P0017: Fuel and Air Metering Generic Error,Click to see the full guide for P0017: Fuel and Air Metering Generic Error. Get expert insights and solutions.,https://errorcodehelp.com/p0017-obd2-code,https://errorcodehelp.com/social/p0017-obd2-code.png
P0018: Fuel and Air Metering Generic Error,Click to see the full guide for P0018: Fuel and Air Metering Generic Error. Get expert insights and solutions.,https://errorcodehelp.com/p0018-obd2-code,https://errorcodehelp.com/social/p0018-obd2-code.png
P0019: Fuel and Air Metering Generic Error,Click to see the full guide for P0019: Fuel and Air Metering Generic Error. Get expert insights and solutions.,https://errorcodehelp.com/p0019-obd2-code,https://errorcodehelp.com/social/p0019-obd2-code.png
P0020: Fuel and Air Metering Generic Error,Click to see the full guide for P0020: Fuel and Air Metering Generic Error. Get expert insights and solutions.,https://errorcodehelp.com/p0020-obd2-code,https://errorcodehelp.com/social/p0020-obd2-code.png
P0021: Fuel and Air Metering Generic Error,Click to see the full guide for P0021: Fuel and Air Metering Generic Error. Get expert insights and solutions.,https://errorcodehelp.com/p0021-obd2-code,https://errorcodehelp.com/social/p0021-obd2-code.png
P0022: Fuel and Air Metering Generic Error,Click to see the full guide for P0022: Fuel and Air Metering Generic Error. Get expert insights and solutions.,https://errorcodehelp.com/p0022-obd2-code,https://errorcodehelp.com/social/p0022-obd2-code.png
P0023: Fuel and Air Metering Generic Error,Click to see the full guide for P0023: Fuel and Air Metering Generic Error. Get expert insights and solutions.,https://errorcodehelp.com/p0023-obd2-code,https://errorcodehelp.com/social/p0023-obd2-code.png
P0024: Fuel and Air Metering Generic Error,Click to see the full guide for P0024: Fuel and Air Metering Generic Error. Get expert insights and solutions.,https://errorcodehelp.com/p0024-obd2-code,https://errorcodehelp.com/social/p0024-obd2-code.png
P0025: Fuel and Air Metering Generic Error,Click to see the full guide for P0025: Fuel and Air Metering Generic Error. Get expert insights and solutions.,https://errorcodehelp.com/p0025-obd2-code,https://errorcodehelp.com/social/p0025-obd2-code.png
P0026: Fuel and Air Metering Generic Error,Click to see the full guide for P0026: Fuel and Air Metering Generic Error. Get expert insights and solutions.,https://errorcodehelp.com/p0026-obd2-code,https://errorcodehelp.com/social/p0026-obd2-code.png
P0027: Fuel and Air Metering Generic Error,Click to see the full guide for P0027: Fuel and Air Metering Generic Error. Get expert insights and solutions.,https://errorcodehelp.com/p0027-obd2-code,https://errorcodehelp.com/social/p0027-obd2-code.png
P0028: Fuel and Air Metering Generic Error,Click to see the full guide for P0028: Fuel and Air Metering Generic Error. Get expert insights and solutions.,https://errorcodehelp.com/p0028-obd2-code,https://errorcodehelp.com/social/p0028-obd2-code.png
P0029: Fuel and Air Metering Generic Error,Click to see the full guide for P0029: Fuel and Air Metering Generic Error. Get expert insights and solutions.,https://errorcodehelp.com/p0029-obd2-code,https://errorcodehelp.com/social/p0029-obd2-code.png
P0030: Fuel and Air Metering Generic Error,Click to see the full guide for P0030: Fuel and Air Metering Generic Error. Get expert insights and solutions.,https://errorcodehelp.com/p0030-obd2-code,https://errorcodehelp.com/social/p0030-obd2-code.png
P0031: Fuel and Air Metering Generic Error,Click to see the full guide for P0031: Fuel and Air Metering Generic Error. Get expert insights and solutions.,https://errorcodehelp.com/p0031-obd2-code,https://errorcodehelp.com/social/p0031-obd2-code.png
P0032: Fuel and Air Metering Generic Error,Click to see the full guide for P0032: Fuel and Air Metering Generic Error. Get expert insights and solutions.,https://errorcodehelp.com/p0032-obd2-code,https://errorcodehelp.com/social/p0032-obd2-code.png
P0033: Fuel and Air Metering Generic Error,Click to see the full guide for P0033: Fuel and Air Metering Generic Error. Get expert insights and solutions.,https://errorcodehelp.com/p0033-obd2-code,https://errorcodehelp.com/social/p0033-obd2-code.png
P0034: Fuel and Air Metering Generic Error,Click to see the full guide for P0034: Fuel and Air Metering Generic Error. Get expert insights and solutions.,https://errorcodehelp.com/p0034-obd2-code,https://errorcodehelp.com/social/p0034-obd2-code.png
P0035: Fuel and Air Metering Generic Error,Click to see the full guide for P0035: Fuel and Air Metering Generic Error. Get expert insights and solutions.,https://errorcodehelp.com/p0035-obd2-code,https://errorcodehelp.com/social/p0035-obd2-code.png
P0036: Fuel and Air Metering Generic Error,Click to see the full guide for P0036: Fuel and Air Metering Generic Error. Get expert insights and solutions.,https://errorcodehelp.com/p0036-obd2-code,https://errorcodehelp.com/social/p0036-obd2-code.png
P0037: Fuel and Air Metering Generic Error,Click to see the full guide for P0037: Fuel and Air Metering Generic Error. Get expert insights and solutions.,https://errorcodehelp.com/p0037-obd2-code,https://errorcodehelp.com/social/p0037-obd2-code.png
P0038: Fuel and Air Metering Generic Error,Click to see the full guide for P0038: Fuel and Air Metering Generic Error. Get expert insights and solutions.,https://errorcodehelp.com/p0038-obd2-code,https://errorcodehelp.com/social/p0038-obd2-code.png
P0039: Fuel and Air Metering Generic Error,Click to see the full guide for P0039: Fuel and Air Metering Generic Error. Get expert insights and solutions.,https://errorcodehelp.com/p0039-obd2-code,https://errorcodehelp.com/social/p0039-obd2-code.png
P0040: Fuel and Air Metering Generic Error,Click to see the full guide for P0040: Fuel and Air Metering Generic Error. Get expert insights and solutions.,https://errorcodehelp.com/p0040-obd2-code,https://errorcodehelp.com/social/p0040-obd2-code.png
P0041: Fuel and Air Metering Generic Error,Click to see the full guide for P0041: Fuel and Air Metering Generic Error. Get expert insights and solutions.,https://errorcodehelp.com/p0041-obd2-code,https://errorcodehelp.com/social/p0041-obd2-code.png
P0042: Fuel and Air Metering Generic Error,Click to see the full guide for P0042: Fuel and Air Metering Generic Error. Get expert insights and solutions.,https://errorcodehelp.com/p0042-obd2-code,https://errorcodehelp.com/social/p0042-obd2-code.png
P0043: Fuel and Air Metering Generic Error,Click to see the full guide for P0043: Fuel and Air Metering Generic Error. Get expert insights and solutions.,https://errorcodehelp.com/p0043-obd2-code,https://errorcodehelp.com/social/p0043-obd2-code.png
P0044: Fuel and Air Metering Generic Error,Click to see the full guide for P0044: Fuel and Air Metering Generic Error. Get expert insights and solutions.,https://errorcodehelp.com/p0044-obd2-code,https://errorcodehelp.com/social/p0044-obd2-code.png
P0045: Fuel and Air Metering Generic Error,Click to see the full guide for P0045: Fuel and Air Metering Generic Error. Get expert insights and solutions.,https://errorcodehelp.com/p0045-obd2-code,https://errorcodehelp.com/social/p0045-obd2-code.png
P0046: Fuel and Air Metering Generic Error,Click to see the full guide for P0046: Fuel and Air Metering Generic Error. Get expert insights and solutions.,https://errorcodehelp.com/p0046-obd2-code,https://errorcodehelp.com/social/p0046-obd2-code.png
P0047: Fuel and Air Metering Generic Error,Click to see the full guide for P0047: Fuel and Air Metering Generic Error. Get expert insights and solutions.,https://errorcodehelp.com/p0047-obd2-code,https://errorcodehelp.com/social/p0047-obd2-code.png
P0048: Fuel and Air Metering Generic Error,Click to see the full guide for P0048: Fuel and Air Metering Generic Error. Get expert insights and solutions.,https://errorcodehelp.com/p0048-obd2-code,https://errorcodehelp.com/social/p0048-obd2-code.png
P0049: Fuel and Air Metering Generic Error,Click to see the full guide for P0049: Fuel and Air Metering Generic Error. Get expert insights and solutions.,https://errorcodehelp.com/p0049-obd2-code,https://errorcodehelp.com/social/p0049-obd2-code.png
P0050: Fuel and Air Metering Generic Error,Click to see the full guide for P0050: Fuel and Air Metering Generic Error. Get expert insights and solutions.,https://errorcodehelp.com/p0050-obd2-code,https://errorcodehelp.com/social/p0050-obd2-code.png
Monday vs Asana: 2025 Review,Click to see the full guide for Monday vs Asana: 2025 Review. Get expert insights and solutions.,https://saasguide.org/monday-vs-asana,https://saasguide.org/social/monday-vs-asana.png
Monday vs ClickUp: 2025 Review,Click to see the full guide for Monday vs ClickUp: 2025 Review. Get expert insights and solutions.,https://saasguide.org/monday-vs-clickup,https://saasguide.org/social/monday-vs-clickup.png
Monday vs Trello: 2025 Review,Click to see the full guide for Monday vs Trello: 2025 Review. Get expert insights and solutions.,https://saasguide.org/monday-vs-trello,https://saasguide.org/social/monday-vs-trello.png
Monday vs Jira: 2025 Review,Click to see the full guide for Monday vs Jira: 2025 Review. Get expert insights and solutions.,https://saasguide.org/monday-vs-jira,https://saasguide.org/social/monday-vs-jira.png
Asana vs ClickUp: 2025 Review,Click to see the full guide for Asana vs ClickUp: 2025 Review. Get expert insights and solutions.,https://saasguide.org/asana-vs-clickup,https://saasguide.org/social/asana-vs-clickup.png
Asana vs Trello: 2025 Review,Click to see the full guide for Asana vs Trello: 2025 Review. Get expert insights and solutions.,https://saasguide.org/asana-vs-trello,https://saasguide.org/social/asana-vs-trello.png
Asana vs Jira: 2025 Review,Click to see the full guide for Asana vs Jira: 2025 Review. Get expert insights and solutions.,https://saasguide.org/asana-vs-jira,https://saasguide.org/social/asana-vs-jira.png
ClickUp vs Trello: 2025 Review,Click to see the full guide for ClickUp vs Trello: 2025 Review. Get expert insights and solutions.,https://saasguide.org/clickup-vs-trello,https://saasguide.org/social/clickup-vs-trello.png
ClickUp vs Jira: 2025 Review,Click to see the full guide for ClickUp vs Jira: 2025 Review. Get expert insights and solutions.,https://saasguide.org/clickup-vs-jira,https://saasguide.org/social/clickup-vs-jira.png
Trello vs Jira: 2025 Review,Click to see the full guide for Trello vs Jira: 2025 Review. Get expert insights and solutions.,https://saasguide.org/trello-vs-jira,https://saasguide.org/social/trello-vs-jira.png
Salesforce vs HubSpot: 2025 Review,Click to see the full guide for Salesforce vs HubSpot: 2025 Review. Get expert insights and solutions.,https://saasguide.org/salesforce-vs-hubspot,https://saasguide.org/social/salesforce-vs-hubspot.png
Salesforce vs Pipedrive: 2025 Review,Click to see the full guide for Salesforce vs Pipedrive: 2025 Review. Get expert insights and solutions.,https://saasguide.org/salesforce-vs-pipedrive,https://saasguide.org/social/salesforce-vs-pipedrive.png
Salesforce vs Zoho: 2025 Review,Click to see the full guide for Salesforce vs Zoho: 2025 Review. Get expert insights and solutions.,https://saasguide.org/salesforce-vs-zoho,https://saasguide.org/social/salesforce-vs-zoho.png
HubSpot vs Pipedrive: 2025 Review,Click to see the full guide for HubSpot vs Pipedrive: 2025 Review. Get expert insights and solutions.,https://saasguide.org/hubspot-vs-pipedrive,https://saasguide.org/social/hubspot-vs-pipedrive.png
HubSpot vs Zoho: 2025 Review,Click to see the full guide for HubSpot vs Zoho: 2025 Review. Get expert insights and solutions.,https://saasguide.org/hubspot-vs-zoho,https://saasguide.org/social/hubspot-vs-zoho.png
Pipedrive vs Zoho: 2025 Review,Click to see the full guide for Pipedrive vs Zoho: 2025 Review. Get expert insights and solutions.,https://saasguide.org/pipedrive-vs-zoho,https://saasguide.org/social/pipedrive-vs-zoho.png
Mailchimp vs ConvertKit: 2025 Review,Click to see the full guide for Mailchimp vs ConvertKit: 2025 Review. Get expert insights and solutions.,https://saasguide.org/mailchimp-vs-convertkit,https://saasguide.org/social/mailchimp-vs-convertkit.png
Mailchimp vs ActiveCampaign: 2025 Review,Click to see the full guide for Mailchimp vs ActiveCampaign: 2025 Review. Get expert insights and solutions.,https://saasguide.org/mailchimp-vs-activecampaign,https://saasguide.org/social/mailchimp-vs-activecampaign.png
ConvertKit vs ActiveCampaign: 2025 Review,Click to see the full guide for ConvertKit vs ActiveCampaign: 2025 Review. Get expert insights and solutions.,https://saasguide.org/convertkit-vs-activecampaign,https://saasguide.org/social/convertkit-vs-activecampaign.png
Bluehost vs SiteGround: Which is Best for 2025?,Click to see the full guide for Bluehost vs SiteGround: Which is Best for 2025?. Get expert insights and solutions.,https://saasguide.org/bluehost-vs-siteground,https://saasguide.org/social/bluehost-vs-siteground.png
Bluehost vs Hostinger: Which is Best for 2025?,Click to see the full guide for Bluehost vs Hostinger: Which is Best for 2025?. Get expert insights and solutions.,https://saasguide.org/bluehost-vs-hostinger,https://saasguide.org/social/bluehost-vs-hostinger.png
Bluehost vs Kinsta: Which is Best for 2025?,Click to see the full guide for Bluehost vs Kinsta: Which is Best for 2025?. Get expert insights and solutions.,https://saasguide.org/bluehost-vs-kinsta,https://saasguide.org/social/bluehost-vs-kinsta.png
Bluehost vs WP Engine: Which is Best for 2025?,Click to see the full guide for Bluehost vs WP Engine: Which is Best for 2025?. Get expert insights and solutions.,https://saasguide.org/bluehost-vs-wp-engine,https://saasguide.org/social/bluehost-vs-wp-engine.png
Bluehost vs GoDaddy: Which is Best for 2025?,Click to see the full guide for Bluehost vs GoDaddy: Which is Best for 2025?. Get expert insights and solutions.,https://saasguide.org/bluehost-vs-godaddy,https://saasguide.org/social/bluehost-vs-godaddy.png
Bluehost vs Namecheap: Which is Best for 2025?,Click to see the full guide for Bluehost vs Namecheap: Which is Best for 2025?. Get expert insights and solutions.,https://saasguide.org/bluehost-vs-namecheap,https://saasguide.org/social/bluehost-vs-namecheap.png
SiteGround vs Hostinger: Which is Best for 2025?,Click to see the full guide for SiteGround vs Hostinger: Which is Best for 2025?. Get expert insights and solutions.,https://saasguide.org/siteground-vs-hostinger,https://saasguide.org/social/siteground-vs-hostinger.png
SiteGround vs Kinsta: Which is Best for 2025?,Click to see the full guide for SiteGround vs Kinsta: Which is Best for 2025?. Get expert insights and solutions.,https://saasguide.org/siteground-vs-kinsta,https://saasguide.org/social/siteground-vs-kinsta.png
SiteGround vs WP Engine: Which is Best for 2025?,Click to see the full guide for SiteGround vs WP Engine: Which is Best for 2025?. Get expert insights and solutions.,https://saasguide.org/siteground-vs-wp-engine,https://saasguide.org/social/siteground-vs-wp-engine.png
SiteGround vs GoDaddy: Which is Best for 2025?,Click to see the full guide for SiteGround vs GoDaddy: Which is Best for 2025?. Get expert insights and solutions.,https://saasguide.org/siteground-vs-godaddy,https://saasguide.org/social/siteground-vs-godaddy.png
SiteGround vs Namecheap: Which is Best for 2025?,Click to see the full guide for SiteGround vs Namecheap: Which is Best for 2025?. Get expert insights and solutions.,https://saasguide.org/siteground-vs-namecheap,https://saasguide.org/social/siteground-vs-namecheap.png
Hostinger vs Kinsta: Which is Best for 2025?,Click to see the full guide for Hostinger vs Kinsta: Which is Best for 2025?. Get expert insights and solutions.,https://saasguide.org/hostinger-vs-kinsta,https://saasguide.org/social/hostinger-vs-kinsta.png
Hostinger vs WP Engine: Which is Best for 2025?,Click to see the full guide for Hostinger vs WP Engine: Which is Best for 2025?. Get expert insights and solutions.,https://saasguide.org/hostinger-vs-wp-engine,https://saasguide.org/social/hostinger-vs-wp-engine.png
Hostinger vs GoDaddy: Which is Best for 2025?,Click to see the full guide for Hostinger vs GoDaddy: Which is Best for 2025?. Get expert insights and solutions.,https://saasguide.org/hostinger-vs-godaddy,https://saasguide.org/social/hostinger-vs-godaddy.png
Hostinger vs Namecheap: Which is Best for 2025?,Click to see the full guide for Hostinger vs Namecheap: Which is Best for 2025?. Get expert insights and solutions.,https://saasguide.org/hostinger-vs-namecheap,https://saasguide.org/social/hostinger-vs-namecheap.png
Kinsta vs WP Engine: Which is Best for 2025?,Click to see the full guide for Kinsta vs WP Engine: Which is Best for 2025?. Get expert insights and solutions.,https://saasguide.org/kinsta-vs-wp-engine,https://saasguide.org/social/kinsta-vs-wp-engine.png
Kinsta vs GoDaddy: Which is Best for 2025?,Click to see the full guide for Kinsta vs GoDaddy: Which is Best for 2025?. Get expert insights and solutions.,https://saasguide.org/kinsta-vs-godaddy,https://saasguide.org/social/kinsta-vs-godaddy.png
Kinsta vs Namecheap: Which is Best for 2025?,Click to see the full guide for Kinsta vs Namecheap: Which is Best for 2025?. Get expert insights and solutions.,https://saasguide.org/kinsta-vs-namecheap,https://saasguide.org/social/kinsta-vs-namecheap.png
WP Engine vs GoDaddy: Which is Best for 2025?,Click to see the full guide for WP Engine vs GoDaddy: Which is Best for 2025?. Get expert insights and solutions.,https://saasguide.org/wp-engine-vs-godaddy,https://saasguide.org/social/wp-engine-vs-godaddy.png
WP Engine vs Namecheap: Which is Best for 2025?,Click to see the full guide for WP Engine vs Namecheap: Which is Best for 2025?. Get expert insights and solutions.,https://saasguide.org/wp-engine-vs-namecheap,https://saasguide.org/social/wp-engine-vs-namecheap.png
GoDaddy vs Namecheap: Which is Best for 2025?,Click to see the full guide for GoDaddy vs Namecheap: Which is Best for 2025?. Get expert insights and solutions.,https://saasguide.org/godaddy-vs-namecheap,https://saasguide.org/social/godaddy-vs-namecheap.png
NordVPN vs ExpressVPN: Which is Best for 2025?,Click to see the full guide for NordVPN vs ExpressVPN: Which is Best for 2025?. Get expert insights and solutions.,https://saasguide.org/nordvpn-vs-expressvpn,https://saasguide.org/social/nordvpn-vs-expressvpn.png
NordVPN vs Surfshark: Which is Best for 2025?,Click to see the full guide for NordVPN vs Surfshark: Which is Best for 2025?. Get expert insights and solutions.,https://saasguide.org/nordvpn-vs-surfshark,https://saasguide.org/social/nordvpn-vs-surfshark.png
NordVPN vs CyberGhost: Which is Best for 2025?,Click to see the full guide for NordVPN vs CyberGhost: Which is Best for 2025?. Get expert insights and solutions.,https://saasguide.org/nordvpn-vs-cyberghost,https://saasguide.org/social/nordvpn-vs-cyberghost.png
NordVPN vs ProtonVPN: Which is Best for 2025?,Click to see the full guide for NordVPN vs ProtonVPN: Which is Best for 2025?. Get expert insights and solutions.,https://saasguide.org/nordvpn-vs-protonvpn,https://saasguide.org/social/nordvpn-vs-protonvpn.png
NordVPN vs IPVanish: Which is Best for 2025?,Click to see the full guide for NordVPN vs IPVanish: Which is Best for 2025?. Get expert insights and solutions.,https://saasguide.org/nordvpn-vs-ipvanish,https://saasguide.org/social/nordvpn-vs-ipvanish.png
ExpressVPN vs Surfshark: Which is Best for 2025?,Click to see the full guide for ExpressVPN vs Surfshark: Which is Best for 2025?. Get expert insights and solutions.,https://saasguide.org/expressvpn-vs-surfshark,https://saasguide.org/social/expressvpn-vs-surfshark.png
ExpressVPN vs CyberGhost: Which is Best for 2025?,Click to see the full guide for ExpressVPN vs CyberGhost: Which is Best for 2025?. Get expert insights and solutions.,https://saasguide.org/expressvpn-vs-cyberghost,https://saasguide.org/social/expressvpn-vs-cyberghost.png
ExpressVPN vs ProtonVPN: Which is Best for 2025?,Click to see the full guide for ExpressVPN vs ProtonVPN: Which is Best for 2025?. Get expert insights and solutions.,https://saasguide.org/expressvpn-vs-protonvpn,https://saasguide.org/social/expressvpn-vs-protonvpn.png
ExpressVPN vs IPVanish: Which is Best for 2025?,Click to see the full guide for ExpressVPN vs IPVanish: Which is Best for 2025?. Get expert insights and solutions.,https://saasguide.org/expressvpn-vs-ipvanish,https://saasguide.org/social/expressvpn-vs-ipvanish.png
Surfshark vs CyberGhost: Which is Best for 2025?,Click to see the full guide for Surfshark vs CyberGhost: Which is Best for 2025?. Get expert insights and solutions.,https://saasguide.org/surfshark-vs-cyberghost,https://saasguide.org/social/surfshark-vs-cyberghost.png
