Campaign ID,Campaign Objective,Campaign Name,Campaign Status,Lifetime Spend Limit,Daily Spend Limit,Campaign Order Line ID,Campaign Third Party Tracking Urls,Campaign Budget,Default Ad Group Budget,Campaign Start Date,Campaign Start Time,Campaign End Date,Campaign End Time,Performance+ daily budget,Campaign Keyword (Match Type NEGATIVE_PHRASE),Campaign Keyword (Match Type NEGATIVE_EXACT),Ad Group ID,Ad Group Name,Ad Group Start Date*,Ad Group Start Time,Ad Group End Date*,Ad Group End Time,Ad Group Budget,Ad Group Pacing Type,Ad Group Budget Type,Ad Group Status,Max Bid,Monthly Frequency Cap,Ad Group Third Party Tracking Urls,Performance+ Targeting,Ad Placement,Goal Value,Conversion Tag ID,Conversion Event,Conversion Optimization,Click Window Days,Engagement Window Days,View Window Days,Frequency Target Time Range,Frequency Target,Bid strategy type,Targeting Template ID,Promo Id,Locations,Geos,Genders,AgeBuckets,Languages,Devices,Interests,Included Audiences,Excluded Audiences,Dynamic Retargeting Lookback,Dynamic Retargeting Exclusion,Dynamic Retargeting Event Tag Types,Ad Group Keyword (Match Type BROAD),Ad Group Keyword (Match Type EXACT),Ad Group Keyword (Match Type PHRASE),Ad Group Keyword (Match Type NEGATIVE_PHRASE),Ad Group Keyword (Match Type NEGATIVE_EXACT),Existing Pin ID,Media File Name,Pin Title,Pin Description,Organic Pin URL,Image Alternative Text,Is Ad-only Pin,Promoted Pin Status,Promoted Pin ID,Ad Format,Promoted Pin Name,Promoted Pin URL,Promoted Pin Third Party Tracking Urls,Is Removable Pin Promotion,Carousel Card 1 Image File Name,Carousel Card 1 Title,Carousel Card 1 Description,Carousel Card 1 Organic Pin URL,Carousel Card 1 Destination URL,Carousel Card 1 Android Deep Link,Carousel Card 1 iOS Deep Link,Carousel Card 2 Image File Name,Carousel Card 2 Title,Carousel Card 2 Description,Carousel Card 2 Organic Pin URL,Carousel Card 2 Destination URL,Carousel Card 2 Android Deep Link,Carousel Card 2 iOS Deep Link,Carousel Card 3 Image File Name,Carousel Card 3 Title,Carousel Card 3 Description,Carousel Card 3 Organic Pin URL,Carousel Card 3 Destination URL,Carousel Card 3 Android Deep Link,Carousel Card 3 iOS Deep Link,Carousel Card 4 Image File Name,Carousel Card 4 Title,Carousel Card 4 Description,Carousel Card 4 Organic Pin URL,Carousel Card 4 Destination URL,Carousel Card 4 Android Deep Link,Carousel Card 4 iOS Deep Link,Carousel Card 5 Image File Name,Carousel Card 5 Title,Carousel Card 5 Description,Carousel Card 5 Organic Pin URL,Carousel Card 5 Destination URL,Carousel Card 5 Android Deep Link,Carousel Card 5 iOS Deep Link,Collections Secondary Creative Destination Url,Title Card Organic PinID,Card 1 Organic PinID,Card 2 Organic PinID,Card 3 Organic PinID,Card 4 Organic PinID,Quiz pin question 1 text,Question 1 options text,Quiz pin question 2 text,Question 2 options text,Quiz pin question 3 text,Question 3 options text,Result 1 organic Pin ID,Result 1 iOS deep link url,Result 1 Android deep link url,Result 1 destination url,Result 2 organic Pin ID,Result 2 iOS deep link url,Result 2 Android deep link url,Result 2 destination url,Result 3 organic Pin ID,Result 3 iOS deep link url,Result 3 Android deep link url,Result 3 destination url,Grid Click Type,CTA Selection,Keyword Status,Keyword (Match Type BROAD),Keyword (Match Type EXACT),Keyword (Match Type PHRASE),Keyword (Match Type NEGATIVE_PHRASE),Keyword (Match Type NEGATIVE_EXACT),Product Group ID,Product Group Reference ID,Product Group Name,Product Group Status,Tracking Template,Shopping Collections Hero Pin ID,Shopping Collections Hero Pin URL,Slideshow Collections Title,Slideshow Collections Description,Status,Version
,AWARENESS,PSEO Traffic Gen,PAUSED,,,,,,,,,,,,,,,PSEO Pins,,,,,1000000,,DAILY,PAUSED,,,,,,,,,,,,,,,AUTOMATIC_BID,,,,,,,,,,,,,,,,,,,,,https://applianceerror.com/social/whirlpool-f01-error.png,Fix Whirlpool Error F01,How to fix Whirlpool Washer Error F01. Step-by-step guide.,,,,,,IMAGE,,https://applianceerror.com/whirlpool-f01-error,,,,,,,,,,,,,,,,,,,,,,,,,,,,,,,,,,,,,,,,,,,,,,,,,,,,,,,,,,,,,,,,,,,,,,,,,,,,,,,,
,AWARENESS,PSEO Traffic Gen,PAUSED,,,,,,,,,,,,,,,PSEO Pins,,,,,1000000,,DAILY,PAUSED,,,,,,,,,,,,,,,AUTOMATIC_BID,,,,,,,,,,,,,,,,,,,,,https://applianceerror.com/social/whirlpool-f02-error.png,Fix Whirlpool Error F02,How to fix Whirlpool Washer Error F02. Step-by-step guide.,,,,,,IMAGE,,https://applianceerror.com/whirlpool-f02-error,,,,,,,,,,,,,,,,,,,,,,,,,,,,,,,,,,,,,,,,,,,,,,,,,,,,,,,,,,,,,,,,,,,,,,,,,,,,,,,,
,AWARENESS,PSEO Traffic Gen,PAUSED,,,,,,,,,,,,,,,PSEO Pins,,,,,1000000,,DAILY,PAUSED,,,,,,,,,,,,,,,AUTOMATIC_BID,,,,,,,,,,,,,,,,,,,,,https://applianceerror.com/social/whirlpool-f03-error.png,Fix Whirlpool Error F03,How to fix Whirlpool Washer Error F03. Step-by-step guide.,,,,,,IMAGE,,https://applianceerror.com/whirlpool-f03-error,,,,,,,,,,,,,,,,,,,,,,,,,,,,,,,,,,,,,,,,,,,,,,,,,,,,,,,,,,,,,,,,,,,,,,,,,,,,,,,,
,AWARENESS,PSEO Traffic Gen,PAUSED,,,,,,,,,,,,,,,PSEO Pins,,,,,1000000,,DAILY,PAUSED,,,,,,,,,,,,,,,AUTOMATIC_BID,,,,,,,,,,,,,,,,,,,,,https://applianceerror.com/social/whirlpool-f04-error.png,Fix Whirlpool Error F04,How to fix Whirlpool Washer Error F04. Step-by-step guide.,,,,,,IMAGE,,https://applianceerror.com/whirlpool-f04-error,,,,,,,,,,,,,,,,,,,,,,,,,,,,,,,,,,,,,,,,,,,,,,,,,,,,,,,,,,,,,,,,,,,,,,,,,,,,,,,,
,AWARENESS,PSEO Traffic Gen,PAUSED,,,,,,,,,,,,,,,PSEO Pins,,,,,1000000,,DAILY,PAUSED,,,,,,,,,,,,,,,AUTOMATIC_BID,,,,,,,,,,,,,,,,,,,,,https://applianceerror.com/social/whirlpool-f05-error.png,Fix Whirlpool Error F05,How to fix Whirlpool Washer Error F05. Step-by-step guide.,,,,,,IMAGE,,https://applianceerror.com/whirlpool-f05-error,,,,,,,,,,,,,,,,,,,,,,,,,,,,,,,,,,,,,,,,,,,,,,,,,,,,,,,,,,,,,,,,,,,,,,,,,,,,,,,,
,AWARENESS,PSEO Traffic Gen,PAUSED,,,,,,,,,,,,,,,PSEO Pins,,,,,1000000,,DAILY,PAUSED,,,,,,,,,,,,,,,AUTOMATIC_BID,,,,,,,,,,,,,,,,,,,,,https://applianceerror.com/social/whirlpool-f06-error.png,Fix Whirlpool Error F06,How to fix Whirlpool Washer Error F06. Step-by-step guide.,,,,,,IMAGE,,https://applianceerror.com/whirlpool-f06-error,,,,,,,,,,,,,,,,,,,,,,,,,,,,,,,,,,,,,,,,,,,,,,,,,,,,,,,,,,,,,,,,,,,,,,,,,,,,,,,,
,AWARENESS,PSEO Traffic Gen,PAUSED,,,,,,,,,,,,,,,PSEO Pins,,,,,1000000,,DAILY,PAUSED,,,,,,,,,,,,,,,AUTOMATIC_BID,,,,,,,,,,,,,,,,,,,,,https://applianceerror.com/social/whirlpool-f07-error.png,Fix Whirlpool Error F07,How to fix Whirlpool Washer Error F07. Step-by-step guide.,,,,,,IMAGE,,https://applianceerror.com/whirlpool-f07-error,,,,,,,,,,,,,,,,,,,,,,,,,,,,,,,,,,,,,,,,,,,,,,,,,,,,,,,,,,,,,,,,,,,,,,,,,,,,,,,,
,AWARENESS,PSEO Traffic Gen,PAUSED,,,,,,,,,,,,,,,PSEO Pins,,,,,1000000,,DAILY,PAUSED,,,,,,,,,,,,,,,AUTOMATIC_BID,,,,,,,,,,,,,,,,,,,,,https://applianceerror.com/social/whirlpool-f08-error.png,Fix Whirlpool Error F08,How to fix Whirlpool Washer Error F08. Step-by-step guide.,,,,,,IMAGE,,https://applianceerror.com/whirlpool-f08-error,,,,,,,,,,,,,,,,,,,,,,,,,,,,,,,,,,,,,,,,,,,,,,,,,,,,,,,,,,,,,,,,,,,,,,,,,,,,,,,,
,AWARENESS,PSEO Traffic Gen,PAUSED,,,,,,,,,,,,,,,PSEO Pins,,,,,1000000,,DAILY,PAUSED,,,,,,,,,,,,,,,AUTOMATIC_BID,,,,,,,,,,,,,,,,,,,,,https://applianceerror.com/social/whirlpool-f09-error.png,Fix Whirlpool Error F09,How to fix Whirlpool Washer Error F09. Step-by-step guide.,,,,,,IMAGE,,https://applianceerror.com/whirlpool-f09-error,,,,,,,,,,,,,,,,,,,,,,,,,,,,,,,,,,,,,,,,,,,,,,,,,,,,,,,,,,,,,,,,,,,,,,,,,,,,,,,,
,AWARENESS,PSEO Traffic Gen,PAUSED,,,,,,,,,,,,,,,PSEO Pins,,,,,1000000,,DAILY,PAUSED,,,,,,,,,,,,,,,AUTOMATIC_BID,,,,,,,,,,,,,,,,,,,,,https://applianceerror.com/social/whirlpool-f10-error.png,Fix Whirlpool Error F10,How to fix Whirlpool Washer Error F10. Step-by-step guide.,,,,,,IMAGE,,https://applianceerror.com/whirlpool-f10-error,,,,,,,,,,,,,,,,,,,,,,,,,,,,,,,,,,,,,,,,,,,,,,,,,,,,,,,,,,,,,,,,,,,,,,,,,,,,,,,,
,AWARENESS,PSEO Traffic Gen,PAUSED,,,,,,,,,,,,,,,PSEO Pins,,,,,1000000,,DAILY,PAUSED,,,,,,,,,,,,,,,AUTOMATIC_BID,,,,,,,,,,,,,,,,,,,,,https://applianceerror.com/social/whirlpool-f11-error.png,Fix Whirlpool Error F11,How to fix Whirlpool Washer Error F11. Step-by-step guide.,,,,,,IMAGE,,https://applianceerror.com/whirlpool-f11-error,,,,,,,,,,,,,,,,,,,,,,,,,,,,,,,,,,,,,,,,,,,,,,,,,,,,,,,,,,,,,,,,,,,,,,,,,,,,,,,,
,AWARENESS,PSEO Traffic Gen,PAUSED,,,,,,,,,,,,,,,PSEO Pins,,,,,1000000,,DAILY,PAUSED,,,,,,,,,,,,,,,AUTOMATIC_BID,,,,,,,,,,,,,,,,,,,,,https://applianceerror.com/social/whirlpool-f12-error.png,Fix Whirlpool Error F12,How to fix Whirlpool Washer Error F12. Step-by-step guide.,,,,,,IMAGE,,https://applianceerror.com/whirlpool-f12-error,,,,,,,,,,,,,,,,,,,,,,,,,,,,,,,,,,,,,,,,,,,,,,,,,,,,,,,,,,,,,,,,,,,,,,,,,,,,,,,,
,AWARENESS,PSEO Traffic Gen,PAUSED,,,,,,,,,,,,,,,PSEO Pins,,,,,1000000,,DAILY,PAUSED,,,,,,,,,,,,,,,AUTOMATIC_BID,,,,,,,,,,,,,,,,,,,,,https://applianceerror.com/social/whirlpool-f13-error.png,Fix Whirlpool Error F13,How to fix Whirlpool Washer Error F13. Step-by-step guide.,,,,,,IMAGE,,https://applianceerror.com/whirlpool-f13-error,,,,,,,,,,,,,,,,,,,,,,,,,,,,,,,,,,,,,,,,,,,,,,,,,,,,,,,,,,,,,,,,,,,,,,,,,,,,,,,,
,AWARENESS,PSEO Traffic Gen,PAUSED,,,,,,,,,,,,,,,PSEO Pins,,,,,1000000,,DAILY,PAUSED,,,,,,,,,,,,,,,AUTOMATIC_BID,,,,,,,,,,,,,,,,,,,,,https://applianceerror.com/social/whirlpool-f14-error.png,Fix Whirlpool Error F14,How to fix Whirlpool Washer Error F14. Step-by-step guide.,,,,,,IMAGE,,https://applianceerror.com/whirlpool-f14-error,,,,,,,,,,,,,,,,,,,,,,,,,,,,,,,,,,,,,,,,,,,,,,,,,,,,,,,,,,,,,,,,,,,,,,,,,,,,,,,,
,AWARENESS,PSEO Traffic Gen,PAUSED,,,,,,,,,,,,,,,PSEO Pins,,,,,1000000,,DAILY,PAUSED,,,,,,,,,,,,,,,AUTOMATIC_BID,,,,,,,,,,,,,,,,,,,,,https://applianceerror.com/social/whirlpool-f15-error.png,Fix Whirlpool Error F15,How to fix Whirlpool Washer Error F15. Step-by-step guide.,,,,,,IMAGE,,https://applianceerror.com/whirlpool-f15-error,,,,,,,,,,,,,,,,,,,,,,,,,,,,,,,,,,,,,,,,,,,,,,,,,,,,,,,,,,,,,,,,,,,,,,,,,,,,,,,,
,AWARENESS,PSEO Traffic Gen,PAUSED,,,,,,,,,,,,,,,PSEO Pins,,,,,1000000,,DAILY,PAUSED,,,,,,,,,,,,,,,AUTOMATIC_BID,,,,,,,,,,,,,,,,,,,,,https://applianceerror.com/social/whirlpool-f16-error.png,Fix Whirlpool Error F16,How to fix Whirlpool Washer Error F16. Step-by-step guide.,,,,,,IMAGE,,https://applianceerror.com/whirlpool-f16-error,,,,,,,,,,,,,,,,,,,,,,,,,,,,,,,,,,,,,,,,,,,,,,,,,,,,,,,,,,,,,,,,,,,,,,,,,,,,,,,,
,AWARENESS,PSEO Traffic Gen,PAUSED,,,,,,,,,,,,,,,PSEO Pins,,,,,1000000,,DAILY,PAUSED,,,,,,,,,,,,,,,AUTOMATIC_BID,,,,,,,,,,,,,,,,,,,,,https://applianceerror.com/social/whirlpool-f17-error.png,Fix Whirlpool Error F17,How to fix Whirlpool Washer Error F17. Step-by-step guide.,,,,,,IMAGE,,https://applianceerror.com/whirlpool-f17-error,,,,,,,,,,,,,,,,,,,,,,,,,,,,,,,,,,,,,,,,,,,,,,,,,,,,,,,,,,,,,,,,,,,,,,,,,,,,,,,,
,AWARENESS,PSEO Traffic Gen,PAUSED,,,,,,,,,,,,,,,PSEO Pins,,,,,1000000,,DAILY,PAUSED,,,,,,,,,,,,,,,AUTOMATIC_BID,,,,,,,,,,,,,,,,,,,,,https://applianceerror.com/social/whirlpool-f18-error.png,Fix Whirlpool Error F18,How to fix Whirlpool Washer Error F18. Step-by-step guide.,,,,,,IMAGE,,https://applianceerror.com/whirlpool-f18-error,,,,,,,,,,,,,,,,,,,,,,,,,,,,,,,,,,,,,,,,,,,,,,,,,,,,,,,,,,,,,,,,,,,,,,,,,,,,,,,,
,AWARENESS,PSEO Traffic Gen,PAUSED,,,,,,,,,,,,,,,PSEO Pins,,,,,1000000,,DAILY,PAUSED,,,,,,,,,,,,,,,AUTOMATIC_BID,,,,,,,,,,,,,,,,,,,,,https://applianceerror.com/social/whirlpool-f19-error.png,Fix Whirlpool Error F19,How to fix Whirlpool Washer Error F19. Step-by-step guide.,,,,,,IMAGE,,https://applianceerror.com/whirlpool-f19-error,,,,,,,,,,,,,,,,,,,,,,,,,,,,,,,,,,,,,,,,,,,,,,,,,,,,,,,,,,,,,,,,,,,,,,,,,,,,,,,,
,AWARENESS,PSEO Traffic Gen,PAUSED,,,,,,,,,,,,,,,PSEO Pins,,,,,1000000,,DAILY,PAUSED,,,,,,,,,,,,,,,AUTOMATIC_BID,,,,,,,,,,,,,,,,,,,,,https://applianceerror.com/social/whirlpool-f20-error.png,Fix Whirlpool Error F20,How to fix Whirlpool Washer Error F20. Step-by-step guide.,,,,,,IMAGE,,https://applianceerror.com/whirlpool-f20-error,,,,,,,,,,,,,,,,,,,,,,,,,,,,,,,,,,,,,,,,,,,,,,,,,,,,,,,,,,,,,,,,,,,,,,,,,,,,,,,,
,AWARENESS,PSEO Traffic Gen,PAUSED,,,,,,,,,,,,,,,PSEO Pins,,,,,1000000,,DAILY,PAUSED,,,,,,,,,,,,,,,AUTOMATIC_BID,,,,,,,,,,,,,,,,,,,,,https://applianceerror.com/social/whirlpool-f21-error.png,Fix Whirlpool Error F21,How to fix Whirlpool Washer Error F21. Step-by-step guide.,,,,,,IMAGE,,https://applianceerror.com/whirlpool-f21-error,,,,,,,,,,,,,,,,,,,,,,,,,,,,,,,,,,,,,,,,,,,,,,,,,,,,,,,,,,,,,,,,,,,,,,,,,,,,,,,,
,AWARENESS,PSEO Traffic Gen,PAUSED,,,,,,,,,,,,,,,PSEO Pins,,,,,1000000,,DAILY,PAUSED,,,,,,,,,,,,,,,AUTOMATIC_BID,,,,,,,,,,,,,,,,,,,,,https://applianceerror.com/social/whirlpool-f22-error.png,Fix Whirlpool Error F22,How to fix Whirlpool Washer Error F22. Step-by-step guide.,,,,,,IMAGE,,https://applianceerror.com/whirlpool-f22-error,,,,,,,,,,,,,,,,,,,,,,,,,,,,,,,,,,,,,,,,,,,,,,,,,,,,,,,,,,,,,,,,,,,,,,,,,,,,,,,,
,AWARENESS,PSEO Traffic Gen,PAUSED,,,,,,,,,,,,,,,PSEO Pins,,,,,1000000,,DAILY,PAUSED,,,,,,,,,,,,,,,AUTOMATIC_BID,,,,,,,,,,,,,,,,,,,,,https://applianceerror.com/social/whirlpool-f23-error.png,Fix Whirlpool Error F23,How to fix Whirlpool Washer Error F23. Step-by-step guide.,,,,,,IMAGE,,https://applianceerror.com/whirlpool-f23-error,,,,,,,,,,,,,,,,,,,,,,,,,,,,,,,,,,,,,,,,,,,,,,,,,,,,,,,,,,,,,,,,,,,,,,,,,,,,,,,,
,AWARENESS,PSEO Traffic Gen,PAUSED,,,,,,,,,,,,,,,PSEO Pins,,,,,1000000,,DAILY,PAUSED,,,,,,,,,,,,,,,AUTOMATIC_BID,,,,,,,,,,,,,,,,,,,,,https://applianceerror.com/social/whirlpool-f24-error.png,Fix Whirlpool Error F24,How to fix Whirlpool Washer Error F24. Step-by-step guide.,,,,,,IMAGE,,https://applianceerror.com/whirlpool-f24-error,,,,,,,,,,,,,,,,,,,,,,,,,,,,,,,,,,,,,,,,,,,,,,,,,,,,,,,,,,,,,,,,,,,,,,,,,,,,,,,,
,AWARENESS,PSEO Traffic Gen,PAUSED,,,,,,,,,,,,,,,PSEO Pins,,,,,1000000,,DAILY,PAUSED,,,,,,,,,,,,,,,AUTOMATIC_BID,,,,,,,,,,,,,,,,,,,,,https://applianceerror.com/social/whirlpool-f25-error.png,Fix Whirlpool Error F25,How to fix Whirlpool Washer Error F25. Step-by-step guide.,,,,,,IMAGE,,https://applianceerror.com/whirlpool-f25-error,,,,,,,,,,,,,,,,,,,,,,,,,,,,,,,,,,,,,,,,,,,,,,,,,,,,,,,,,,,,,,,,,,,,,,,,,,,,,,,,
,AWARENESS,PSEO Traffic Gen,PAUSED,,,,,,,,,,,,,,,PSEO Pins,,,,,1000000,,DAILY,PAUSED,,,,,,,,,,,,,,,AUTOMATIC_BID,,,,,,,,,,,,,,,,,,,,,https://applianceerror.com/social/whirlpool-f26-error.png,Fix Whirlpool Error F26,How to fix Whirlpool Washer Error F26. Step-by-step guide.,,,,,,IMAGE,,https://applianceerror.com/whirlpool-f26-error,,,,,,,,,,,,,,,,,,,,,,,,,,,,,,,,,,,,,,,,,,,,,,,,,,,,,,,,,,,,,,,,,,,,,,,,,,,,,,,,
,AWARENESS,PSEO Traffic Gen,PAUSED,,,,,,,,,,,,,,,PSEO Pins,,,,,1000000,,DAILY,PAUSED,,,,,,,,,,,,,,,AUTOMATIC_BID,,,,,,,,,,,,,,,,,,,,,https://applianceerror.com/social/whirlpool-f27-error.png,Fix Whirlpool Error F27,How to fix Whirlpool Washer Error F27. Step-by-step guide.,,,,,,IMAGE,,https://applianceerror.com/whirlpool-f27-error,,,,,,,,,,,,,,,,,,,,,,,,,,,,,,,,,,,,,,,,,,,,,,,,,,,,,,,,,,,,,,,,,,,,,,,,,,,,,,,,
,AWARENESS,PSEO Traffic Gen,PAUSED,,,,,,,,,,,,,,,PSEO Pins,,,,,1000000,,DAILY,PAUSED,,,,,,,,,,,,,,,AUTOMATIC_BID,,,,,,,,,,,,,,,,,,,,,https://applianceerror.com/social/whirlpool-f28-error.png,Fix Whirlpool Error F28,How to fix Whirlpool Washer Error F28. Step-by-step guide.,,,,,,IMAGE,,https://applianceerror.com/whirlpool-f28-error,,,,,,,,,,,,,,,,,,,,,,,,,,,,,,,,,,,,,,,,,,,,,,,,,,,,,,,,,,,,,,,,,,,,,,,,,,,,,,,,
,AWARENESS,PSEO Traffic Gen,PAUSED,,,,,,,,,,,,,,,PSEO Pins,,,,,1000000,,DAILY,PAUSED,,,,,,,,,,,,,,,AUTOMATIC_BID,,,,,,,,,,,,,,,,,,,,,https://applianceerror.com/social/whirlpool-f29-error.png,Fix Whirlpool Error F29,How to fix Whirlpool Washer Error F29. Step-by-step guide.,,,,,,IMAGE,,https://applianceerror.com/whirlpool-f29-error,,,,,,,,,,,,,,,,,,,,,,,,,,,,,,,,,,,,,,,,,,,,,,,,,,,,,,,,,,,,,,,,,,,,,,,,,,,,,,,,
,AWARENESS,PSEO Traffic Gen,PAUSED,,,,,,,,,,,,,,,PSEO Pins,,,,,1000000,,DAILY,PAUSED,,,,,,,,,,,,,,,AUTOMATIC_BID,,,,,,,,,,,,,,,,,,,,,https://applianceerror.com/social/whirlpool-f30-error.png,Fix Whirlpool Error F30,How to fix Whirlpool Washer Error F30. Step-by-step guide.,,,,,,IMAGE,,https://applianceerror.com/whirlpool-f30-error,,,,,,,,,,,,,,,,,,,,,,,,,,,,,,,,,,,,,,,,,,,,,,,,,,,,,,,,,,,,,,,,,,,,,,,,,,,,,,,,
,AWARENESS,PSEO Traffic Gen,PAUSED,,,,,,,,,,,,,,,PSEO Pins,,,,,1000000,,DAILY,PAUSED,,,,,,,,,,,,,,,AUTOMATIC_BID,,,,,,,,,,,,,,,,,,,,,https://applianceerror.com/social/whirlpool-f31-error.png,Fix Whirlpool Error F31,How to fix Whirlpool Washer Error F31. Step-by-step guide.,,,,,,IMAGE,,https://applianceerror.com/whirlpool-f31-error,,,,,,,,,,,,,,,,,,,,,,,,,,,,,,,,,,,,,,,,,,,,,,,,,,,,,,,,,,,,,,,,,,,,,,,,,,,,,,,,
,AWARENESS,PSEO Traffic Gen,PAUSED,,,,,,,,,,,,,,,PSEO Pins,,,,,1000000,,DAILY,PAUSED,,,,,,,,,,,,,,,AUTOMATIC_BID,,,,,,,,,,,,,,,,,,,,,https://applianceerror.com/social/whirlpool-f32-error.png,Fix Whirlpool Error F32,How to fix Whirlpool Washer Error F32. Step-by-step guide.,,,,,,IMAGE,,https://applianceerror.com/whirlpool-f32-error,,,,,,,,,,,,,,,,,,,,,,,,,,,,,,,,,,,,,,,,,,,,,,,,,,,,,,,,,,,,,,,,,,,,,,,,,,,,,,,,
,AWARENESS,PSEO Traffic Gen,PAUSED,,,,,,,,,,,,,,,PSEO Pins,,,,,1000000,,DAILY,PAUSED,,,,,,,,,,,,,,,AUTOMATIC_BID,,,,,,,,,,,,,,,,,,,,,https://applianceerror.com/social/whirlpool-f33-error.png,Fix Whirlpool Error F33,How to fix Whirlpool Washer Error F33. Step-by-step guide.,,,,,,IMAGE,,https://applianceerror.com/whirlpool-f33-error,,,,,,,,,,,,,,,,,,,,,,,,,,,,,,,,,,,,,,,,,,,,,,,,,,,,,,,,,,,,,,,,,,,,,,,,,,,,,,,,
,AWARENESS,PSEO Traffic Gen,PAUSED,,,,,,,,,,,,,,,PSEO Pins,,,,,1000000,,DAILY,PAUSED,,,,,,,,,,,,,,,AUTOMATIC_BID,,,,,,,,,,,,,,,,,,,,,https://applianceerror.com/social/whirlpool-f34-error.png,Fix Whirlpool Error F34,How to fix Whirlpool Washer Error F34. Step-by-step guide.,,,,,,IMAGE,,https://applianceerror.com/whirlpool-f34-error,,,,,,,,,,,,,,,,,,,,,,,,,,,,,,,,,,,,,,,,,,,,,,,,,,,,,,,,,,,,,,,,,,,,,,,,,,,,,,,,
,AWARENESS,PSEO Traffic Gen,PAUSED,,,,,,,,,,,,,,,PSEO Pins,,,,,1000000,,DAILY,PAUSED,,,,,,,,,,,,,,,AUTOMATIC_BID,,,,,,,,,,,,,,,,,,,,,https://applianceerror.com/social/whirlpool-f35-error.png,Fix Whirlpool Error F35,How to fix Whirlpool Washer Error F35. Step-by-step guide.,,,,,,IMAGE,,https://applianceerror.com/whirlpool-f35-error,,,,,,,,,,,,,,,,,,,,,,,,,,,,,,,,,,,,,,,,,,,,,,,,,,,,,,,,,,,,,,,,,,,,,,,,,,,,,,,,
,AWARENESS,PSEO Traffic Gen,PAUSED,,,,,,,,,,,,,,,PSEO Pins,,,,,1000000,,DAILY,PAUSED,,,,,,,,,,,,,,,AUTOMATIC_BID,,,,,,,,,,,,,,,,,,,,,https://applianceerror.com/social/whirlpool-f36-error.png,Fix Whirlpool Error F36,How to fix Whirlpool Washer Error F36. Step-by-step guide.,,,,,,IMAGE,,https://applianceerror.com/whirlpool-f36-error,,,,,,,,,,,,,,,,,,,,,,,,,,,,,,,,,,,,,,,,,,,,,,,,,,,,,,,,,,,,,,,,,,,,,,,,,,,,,,,,
,AWARENESS,PSEO Traffic Gen,PAUSED,,,,,,,,,,,,,,,PSEO Pins,,,,,1000000,,DAILY,PAUSED,,,,,,,,,,,,,,,AUTOMATIC_BID,,,,,,,,,,,,,,,,,,,,,https://applianceerror.com/social/whirlpool-f37-error.png,Fix Whirlpool Error F37,How to fix Whirlpool Washer Error F37. Step-by-step guide.,,,,,,IMAGE,,https://applianceerror.com/whirlpool-f37-error,,,,,,,,,,,,,,,,,,,,,,,,,,,,,,,,,,,,,,,,,,,,,,,,,,,,,,,,,,,,,,,,,,,,,,,,,,,,,,,,
,AWARENESS,PSEO Traffic Gen,PAUSED,,,,,,,,,,,,,,,PSEO Pins,,,,,1000000,,DAILY,PAUSED,,,,,,,,,,,,,,,AUTOMATIC_BID,,,,,,,,,,,,,,,,,,,,,https://applianceerror.com/social/whirlpool-f38-error.png,Fix Whirlpool Error F38,How to fix Whirlpool Washer Error F38. Step-by-step guide.,,,,,,IMAGE,,https://applianceerror.com/whirlpool-f38-error,,,,,,,,,,,,,,,,,,,,,,,,,,,,,,,,,,,,,,,,,,,,,,,,,,,,,,,,,,,,,,,,,,,,,,,,,,,,,,,,
,AWARENESS,PSEO Traffic Gen,PAUSED,,,,,,,,,,,,,,,PSEO Pins,,,,,1000000,,DAILY,PAUSED,,,,,,,,,,,,,,,AUTOMATIC_BID,,,,,,,,,,,,,,,,,,,,,https://applianceerror.com/social/whirlpool-f39-error.png,Fix Whirlpool Error F39,How to fix Whirlpool Washer Error F39. Step-by-step guide.,,,,,,IMAGE,,https://applianceerror.com/whirlpool-f39-error,,,,,,,,,,,,,,,,,,,,,,,,,,,,,,,,,,,,,,,,,,,,,,,,,,,,,,,,,,,,,,,,,,,,,,,,,,,,,,,,
,AWARENESS,PSEO Traffic Gen,PAUSED,,,,,,,,,,,,,,,PSEO Pins,,,,,1000000,,DAILY,PAUSED,,,,,,,,,,,,,,,AUTOMATIC_BID,,,,,,,,,,,,,,,,,,,,,https://applianceerror.com/social/whirlpool-f40-error.png,Fix Whirlpool Error F40,How to fix Whirlpool Washer Error F40. Step-by-step guide.,,,,,,IMAGE,,https://applianceerror.com/whirlpool-f40-error,,,,,,,,,,,,,,,,,,,,,,,,,,,,,,,,,,,,,,,,,,,,,,,,,,,,,,,,,,,,,,,,,,,,,,,,,,,,,,,,
,AWARENESS,PSEO Traffic Gen,PAUSED,,,,,,,,,,,,,,,PSEO Pins,,,,,1000000,,DAILY,PAUSED,,,,,,,,,,,,,,,AUTOMATIC_BID,,,,,,,,,,,,,,,,,,,,,https://applianceerror.com/social/whirlpool-f41-error.png,Fix Whirlpool Error F41,How to fix Whirlpool Washer Error F41. Step-by-step guide.,,,,,,IMAGE,,https://applianceerror.com/whirlpool-f41-error,,,,,,,,,,,,,,,,,,,,,,,,,,,,,,,,,,,,,,,,,,,,,,,,,,,,,,,,,,,,,,,,,,,,,,,,,,,,,,,,
,AWARENESS,PSEO Traffic Gen,PAUSED,,,,,,,,,,,,,,,PSEO Pins,,,,,1000000,,DAILY,PAUSED,,,,,,,,,,,,,,,AUTOMATIC_BID,,,,,,,,,,,,,,,,,,,,,https://applianceerror.com/social/whirlpool-f42-error.png,Fix Whirlpool Error F42,How to fix Whirlpool Washer Error F42. Step-by-step guide.,,,,,,IMAGE,,https://applianceerror.com/whirlpool-f42-error,,,,,,,,,,,,,,,,,,,,,,,,,,,,,,,,,,,,,,,,,,,,,,,,,,,,,,,,,,,,,,,,,,,,,,,,,,,,,,,,
,AWARENESS,PSEO Traffic Gen,PAUSED,,,,,,,,,,,,,,,PSEO Pins,,,,,1000000,,DAILY,PAUSED,,,,,,,,,,,,,,,AUTOMATIC_BID,,,,,,,,,,,,,,,,,,,,,https://applianceerror.com/social/whirlpool-f43-error.png,Fix Whirlpool Error F43,How to fix Whirlpool Washer Error F43. Step-by-step guide.,,,,,,IMAGE,,https://applianceerror.com/whirlpool-f43-error,,,,,,,,,,,,,,,,,,,,,,,,,,,,,,,,,,,,,,,,,,,,,,,,,,,,,,,,,,,,,,,,,,,,,,,,,,,,,,,,
,AWARENESS,PSEO Traffic Gen,PAUSED,,,,,,,,,,,,,,,PSEO Pins,,,,,1000000,,DAILY,PAUSED,,,,,,,,,,,,,,,AUTOMATIC_BID,,,,,,,,,,,,,,,,,,,,,https://applianceerror.com/social/whirlpool-f44-error.png,Fix Whirlpool Error F44,How to fix Whirlpool Washer Error F44. Step-by-step guide.,,,,,,IMAGE,,https://applianceerror.com/whirlpool-f44-error,,,,,,,,,,,,,,,,,,,,,,,,,,,,,,,,,,,,,,,,,,,,,,,,,,,,,,,,,,,,,,,,,,,,,,,,,,,,,,,,
,AWARENESS,PSEO Traffic Gen,PAUSED,,,,,,,,,,,,,,,PSEO Pins,,,,,1000000,,DAILY,PAUSED,,,,,,,,,,,,,,,AUTOMATIC_BID,,,,,,,,,,,,,,,,,,,,,https://applianceerror.com/social/whirlpool-f45-error.png,Fix Whirlpool Error F45,How to fix Whirlpool Washer Error F45. Step-by-step guide.,,,,,,IMAGE,,https://applianceerror.com/whirlpool-f45-error,,,,,,,,,,,,,,,,,,,,,,,,,,,,,,,,,,,,,,,,,,,,,,,,,,,,,,,,,,,,,,,,,,,,,,,,,,,,,,,,
,AWARENESS,PSEO Traffic Gen,PAUSED,,,,,,,,,,,,,,,PSEO Pins,,,,,1000000,,DAILY,PAUSED,,,,,,,,,,,,,,,AUTOMATIC_BID,,,,,,,,,,,,,,,,,,,,,https://applianceerror.com/social/whirlpool-f46-error.png,Fix Whirlpool Error F46,How to fix Whirlpool Washer Error F46. Step-by-step guide.,,,,,,IMAGE,,https://applianceerror.com/whirlpool-f46-error,,,,,,,,,,,,,,,,,,,,,,,,,,,,,,,,,,,,,,,,,,,,,,,,,,,,,,,,,,,,,,,,,,,,,,,,,,,,,,,,
,AWARENESS,PSEO Traffic Gen,PAUSED,,,,,,,,,,,,,,,PSEO Pins,,,,,1000000,,DAILY,PAUSED,,,,,,,,,,,,,,,AUTOMATIC_BID,,,,,,,,,,,,,,,,,,,,,https://applianceerror.com/social/whirlpool-f47-error.png,Fix Whirlpool Error F47,How to fix Whirlpool Washer Error F47. Step-by-step guide.,,,,,,IMAGE,,https://applianceerror.com/whirlpool-f47-error,,,,,,,,,,,,,,,,,,,,,,,,,,,,,,,,,,,,,,,,,,,,,,,,,,,,,,,,,,,,,,,,,,,,,,,,,,,,,,,,
,AWARENESS,PSEO Traffic Gen,PAUSED,,,,,,,,,,,,,,,PSEO Pins,,,,,1000000,,DAILY,PAUSED,,,,,,,,,,,,,,,AUTOMATIC_BID,,,,,,,,,,,,,,,,,,,,,https://applianceerror.com/social/whirlpool-f48-error.png,Fix Whirlpool Error F48,How to fix Whirlpool Washer Error F48. Step-by-step guide.,,,,,,IMAGE,,https://applianceerror.com/whirlpool-f48-error,,,,,,,,,,,,,,,,,,,,,,,,,,,,,,,,,,,,,,,,,,,,,,,,,,,,,,,,,,,,,,,,,,,,,,,,,,,,,,,,
,AWARENESS,PSEO Traffic Gen,PAUSED,,,,,,,,,,,,,,,PSEO Pins,,,,,1000000,,DAILY,PAUSED,,,,,,,,,,,,,,,AUTOMATIC_BID,,,,,,,,,,,,,,,,,,,,,https://applianceerror.com/social/whirlpool-f49-error.png,Fix Whirlpool Error F49,How to fix Whirlpool Washer Error F49. Step-by-step guide.,,,,,,IMAGE,,https://applianceerror.com/whirlpool-f49-error,,,,,,,,,,,,,,,,,,,,,,,,,,,,,,,,,,,,,,,,,,,,,,,,,,,,,,,,,,,,,,,,,,,,,,,,,,,,,,,,
,AWARENESS,PSEO Traffic Gen,PAUSED,,,,,,,,,,,,,,,PSEO Pins,,,,,1000000,,DAILY,PAUSED,,,,,,,,,,,,,,,AUTOMATIC_BID,,,,,,,,,,,,,,,,,,,,,https://applianceerror.com/social/whirlpool-f50-error.png,Fix Whirlpool Error F50,How to fix Whirlpool Washer Error F50. Step-by-step guide.,,,,,,IMAGE,,https://applianceerror.com/whirlpool-f50-error,,,,,,,,,,,,,,,,,,,,,,,,,,,,,,,,,,,,,,,,,,,,,,,,,,,,,,,,,,,,,,,,,,,,,,,,,,,,,,,,
,AWARENESS,PSEO Traffic Gen,PAUSED,,,,,,,,,,,,,,,PSEO Pins,,,,,1000000,,DAILY,PAUSED,,,,,,,,,,,,,,,AUTOMATIC_BID,,,,,,,,,,,,,,,,,,,,,https://errorcodehelp.com/social/p0001-obd2-code.png,Fix OBD2 Code P0001,"Meaning, Causes, and Fixes for OBD2 Code P0001.",,,,,,IMAGE,,https://errorcodehelp.com/p0001-obd2-code,,,,,,,,,,,,,,,,,,,,,,,,,,,,,,,,,,,,,,,,,,,,,,,,,,,,,,,,,,,,,,,,,,,,,,,,,,,,,,,,
,AWARENESS,PSEO Traffic Gen,PAUSED,,,,,,,,,,,,,,,PSEO Pins,,,,,1000000,,DAILY,PAUSED,,,,,,,,,,,,,,,AUTOMATIC_BID,,,,,,,,,,,,,,,,,,,,,https://errorcodehelp.com/social/p0002-obd2-code.png,Fix OBD2 Code P0002,"Meaning, Causes, and Fixes for OBD2 Code P0002.",,,,,,IMAGE,,https://errorcodehelp.com/p0002-obd2-code,,,,,,,,,,,,,,,,,,,,,,,,,,,,,,,,,,,,,,,,,,,,,,,,,,,,,,,,,,,,,,,,,,,,,,,,,,,,,,,,
,AWARENESS,PSEO Traffic Gen,PAUSED,,,,,,,,,,,,,,,PSEO Pins,,,,,1000000,,DAILY,PAUSED,,,,,,,,,,,,,,,AUTOMATIC_BID,,,,,,,,,,,,,,,,,,,,,https://errorcodehelp.com/social/p0003-obd2-code.png,Fix OBD2 Code P0003,"Meaning, Causes, and Fixes for OBD2 Code P0003.",,,,,,IMAGE,,https://errorcodehelp.com/p0003-obd2-code,,,,,,,,,,,,,,,,,,,,,,,,,,,,,,,,,,,,,,,,,,,,,,,,,,,,,,,,,,,,,,,,,,,,,,,,,,,,,,,,
,AWARENESS,PSEO Traffic Gen,PAUSED,,,,,,,,,,,,,,,PSEO Pins,,,,,1000000,,DAILY,PAUSED,,,,,,,,,,,,,,,AUTOMATIC_BID,,,,,,,,,,,,,,,,,,,,,https://errorcodehelp.com/social/p0004-obd2-code.png,Fix OBD2 Code P0004,"Meaning, Causes, and Fixes for OBD2 Code P0004.",,,,,,IMAGE,,https://errorcodehelp.com/p0004-obd2-code,,,,,,,,,,,,,,,,,,,,,,,,,,,,,,,,,,,,,,,,,,,,,,,,,,,,,,,,,,,,,,,,,,,,,,,,,,,,,,,,
,AWARENESS,PSEO Traffic Gen,PAUSED,,,,,,,,,,,,,,,PSEO Pins,,,,,1000000,,DAILY,PAUSED,,,,,,,,,,,,,,,AUTOMATIC_BID,,,,,,,,,,,,,,,,,,,,,https://errorcodehelp.com/social/p0005-obd2-code.png,Fix OBD2 Code P0005,"Meaning, Causes, and Fixes for OBD2 Code P0005.",,,,,,IMAGE,,https://errorcodehelp.com/p0005-obd2-code,,,,,,,,,,,,,,,,,,,,,,,,,,,,,,,,,,,,,,,,,,,,,,,,,,,,,,,,,,,,,,,,,,,,,,,,,,,,,,,,
,AWARENESS,PSEO Traffic Gen,PAUSED,,,,,,,,,,,,,,,PSEO Pins,,,,,1000000,,DAILY,PAUSED,,,,,,,,,,,,,,,AUTOMATIC_BID,,,,,,,,,,,,,,,,,,,,,https://errorcodehelp.com/social/p0006-obd2-code.png,Fix OBD2 Code P0006,"Meaning, Causes, and Fixes for OBD2 Code P0006.",,,,,,IMAGE,,https://errorcodehelp.com/p0006-obd2-code,,,,,,,,,,,,,,,,,,,,,,,,,,,,,,,,,,,,,,,,,,,,,,,,,,,,,,,,,,,,,,,,,,,,,,,,,,,,,,,,
,AWARENESS,PSEO Traffic Gen,PAUSED,,,,,,,,,,,,,,,PSEO Pins,,,,,1000000,,DAILY,PAUSED,,,,,,,,,,,,,,,AUTOMATIC_BID,,,,,,,,,,,,,,,,,,,,,https://errorcodehelp.com/social/p0007-obd2-code.png,Fix OBD2 Code P0007,"Meaning, Causes, and Fixes for OBD2 Code P0007.",,,,,,IMAGE,,https://errorcodehelp.com/p0007-obd2-code,,,,,,,,,,,,,,,,,,,,,,,,,,,,,,,,,,,,,,,,,,,,,,,,,,,,,,,,,,,,,,,,,,,,,,,,,,,,,,,,
,AWARENESS,PSEO Traffic Gen,PAUSED,,,,,,,,,,,,,,,PSEO Pins,,,,,1000000,,DAILY,PAUSED,,,,,,,,,,,,,,,AUTOMATIC_BID,,,,,,,,,,,,,,,,,,,,,https://errorcodehelp.com/social/p0008-obd2-code.png,Fix OBD2 Code P0008,"Meaning, Causes, and Fixes for OBD2 Code P0008.",,,,,,IMAGE,,https://errorcodehelp.com/p0008-obd2-code,,,,,,,,,,,,,,,,,,,,,,,,,,,,,,,,,,,,,,,,,,,,,,,,,,,,,,,,,,,,,,,,,,,,,,,,,,,,,,,,
,AWARENESS,PSEO Traffic Gen,PAUSED,,,,,,,,,,,,,,,PSEO Pins,,,,,1000000,,DAILY,PAUSED,,,,,,,,,,,,,,,AUTOMATIC_BID,,,,,,,,,,,,,,,,,,,,,https://errorcodehelp.com/social/p0009-obd2-code.png,Fix OBD2 Code P0009,"Meaning, Causes, and Fixes for OBD2 Code P0009.",,,,,,IMAGE,,https://errorcodehelp.com/p0009-obd2-code,,,,,,,,,,,,,,,,,,,,,,,,,,,,,,,,,,,,,,,,,,,,,,,,,,,,,,,,,,,,,,,,,,,,,,,,,,,,,,,,
,AWARENESS,PSEO Traffic Gen,PAUSED,,,,,,,,,,,,,,,PSEO Pins,,,,,1000000,,DAILY,PAUSED,,,,,,,,,,,,,,,AUTOMATIC_BID,,,,,,,,,,,,,,,,,,,,,https://errorcodehelp.com/social/p0010-obd2-code.png,Fix OBD2 Code P0010,"Meaning, Causes, and Fixes for OBD2 Code P0010.",,,,,,IMAGE,,https://errorcodehelp.com/p0010-obd2-code,,,,,,,,,,,,,,,,,,,,,,,,,,,,,,,,,,,,,,,,,,,,,,,,,,,,,,,,,,,,,,,,,,,,,,,,,,,,,,,,
,AWARENESS,PSEO Traffic Gen,PAUSED,,,,,,,,,,,,,,,PSEO Pins,,,,,1000000,,DAILY,PAUSED,,,,,,,,,,,,,,,AUTOMATIC_BID,,,,,,,,,,,,,,,,,,,,,https://errorcodehelp.com/social/p0011-obd2-code.png,Fix OBD2 Code P0011,"Meaning, Causes, and Fixes for OBD2 Code P0011.",,,,,,IMAGE,,https://errorcodehelp.com/p0011-obd2-code,,,,,,,,,,,,,,,,,,,,,,,,,,,,,,,,,,,,,,,,,,,,,,,,,,,,,,,,,,,,,,,,,,,,,,,,,,,,,,,,
,AWARENESS,PSEO Traffic Gen,PAUSED,,,,,,,,,,,,,,,PSEO Pins,,,,,1000000,,DAILY,PAUSED,,,,,,,,,,,,,,,AUTOMATIC_BID,,,,,,,,,,,,,,,,,,,,,https://errorcodehelp.com/social/p0012-obd2-code.png,Fix OBD2 Code P0012,"Meaning, Causes, and Fixes for OBD2 Code P0012.",,,,,,IMAGE,,https://errorcodehelp.com/p0012-obd2-code,,,,,,,,,,,,,,,,,,,,,,,,,,,,,,,,,,,,,,,,,,,,,,,,,,,,,,,,,,,,,,,,,,,,,,,,,,,,,,,,
,AWARENESS,PSEO Traffic Gen,PAUSED,,,,,,,,,,,,,,,PSEO Pins,,,,,1000000,,DAILY,PAUSED,,,,,,,,,,,,,,,AUTOMATIC_BID,,,,,,,,,,,,,,,,,,,,,https://errorcodehelp.com/social/p0013-obd2-code.png,Fix OBD2 Code P0013,"Meaning, Causes, and Fixes for OBD2 Code P0013.",,,,,,IMAGE,,https://errorcodehelp.com/p0013-obd2-code,,,,,,,,,,,,,,,,,,,,,,,,,,,,,,,,,,,,,,,,,,,,,,,,,,,,,,,,,,,,,,,,,,,,,,,,,,,,,,,,
,AWARENESS,PSEO Traffic Gen,PAUSED,,,,,,,,,,,,,,,PSEO Pins,,,,,1000000,,DAILY,PAUSED,,,,,,,,,,,,,,,AUTOMATIC_BID,,,,,,,,,,,,,,,,,,,,,https://errorcodehelp.com/social/p0014-obd2-code.png,Fix OBD2 Code P0014,"Meaning, Causes, and Fixes for OBD2 Code P0014.",,,,,,IMAGE,,https://errorcodehelp.com/p0014-obd2-code,,,,,,,,,,,,,,,,,,,,,,,,,,,,,,,,,,,,,,,,,,,,,,,,,,,,,,,,,,,,,,,,,,,,,,,,,,,,,,,,
,AWARENESS,PSEO Traffic Gen,PAUSED,,,,,,,,,,,,,,,PSEO Pins,,,,,1000000,,DAILY,PAUSED,,,,,,,,,,,,,,,AUTOMATIC_BID,,,,,,,,,,,,,,,,,,,,,https://errorcodehelp.com/social/p0015-obd2-code.png,Fix OBD2 Code P0015,"Meaning, Causes, and Fixes for OBD2 Code P0015.",,,,,,IMAGE,,https://errorcodehelp.com/p0015-obd2-code,,,,,,,,,,,,,,,,,,,,,,,,,,,,,,,,,,,,,,,,,,,,,,,,,,,,,,,,,,,,,,,,,,,,,,,,,,,,,,,,
,AWARENESS,PSEO Traffic Gen,PAUSED,,,,,,,,,,,,,,,PSEO Pins,,,,,1000000,,DAILY,PAUSED,,,,,,,,,,,,,,,AUTOMATIC_BID,,,,,,,,,,,,,,,,,,,,,https://errorcodehelp.com/social/p0016-obd2-code.png,Fix OBD2 Code P0016,"Meaning, Causes, and Fixes for OBD2 Code P0016.",,,,,,IMAGE,,https://errorcodehelp.com/p0016-obd2-code,,,,,,,,,,,,,,,,,,,,,,,,,,,,,,,,,,,,,,,,,,,,,,,,,,,,,,,,,,,,,,,,,,,,,,,,,,,,,,,,
,AWARENESS,PSEO Traffic Gen,PAUSED,,,,,,,,,,,,,,,PSEO Pins,,,,,1000000,,DAILY,PAUSED,,,,,,,,,,,,,,,AUTOMATIC_BID,,,,,,,,,,,,,,,,,,,,,https://errorcodehelp.com/social/p0017-obd2-code.png,Fix OBD2 Code P0017,"Meaning, Causes, and Fixes for OBD2 Code P0017.",,,,,,IMAGE,,https://errorcodehelp.com/p0017-obd2-code,,,,,,,,,,,,,,,,,,,,,,,,,,,,,,,,,,,,,,,,,,,,,,,,,,,,,,,,,,,,,,,,,,,,,,,,,,,,,,,,
,AWARENESS,PSEO Traffic Gen,PAUSED,,,,,,,,,,,,,,,PSEO Pins,,,,,1000000,,DAILY,PAUSED,,,,,,,,,,,,,,,AUTOMATIC_BID,,,,,,,,,,,,,,,,,,,,,https://errorcodehelp.com/social/p0018-obd2-code.png,Fix OBD2 Code P0018,"Meaning, Causes, and Fixes for OBD2 Code P0018.",,,,,,IMAGE,,https://errorcodehelp.com/p0018-obd2-code,,,,,,,,,,,,,,,,,,,,,,,,,,,,,,,,,,,,,,,,,,,,,,,,,,,,,,,,,,,,,,,,,,,,,,,,,,,,,,,,
,AWARENESS,PSEO Traffic Gen,PAUSED,,,,,,,,,,,,,,,PSEO Pins,,,,,1000000,,DAILY,PAUSED,,,,,,,,,,,,,,,AUTOMATIC_BID,,,,,,,,,,,,,,,,,,,,,https://errorcodehelp.com/social/p0019-obd2-code.png,Fix OBD2 Code P0019,"Meaning, Causes, and Fixes for OBD2 Code P0019.",,,,,,IMAGE,,https://errorcodehelp.com/p0019-obd2-code,,,,,,,,,,,,,,,,,,,,,,,,,,,,,,,,,,,,,,,,,,,,,,,,,,,,,,,,,,,,,,,,,,,,,,,,,,,,,,,,
,AWARENESS,PSEO Traffic Gen,PAUSED,,,,,,,,,,,,,,,PSEO Pins,,,,,1000000,,DAILY,PAUSED,,,,,,,,,,,,,,,AUTOMATIC_BID,,,,,,,,,,,,,,,,,,,,,https://errorcodehelp.com/social/p0020-obd2-code.png,Fix OBD2 Code P0020,"Meaning, Causes, and Fixes for OBD2 Code P0020.",,,,,,IMAGE,,https://errorcodehelp.com/p0020-obd2-code,,,,,,,,,,,,,,,,,,,,,,,,,,,,,,,,,,,,,,,,,,,,,,,,,,,,,,,,,,,,,,,,,,,,,,,,,,,,,,,,
,AWARENESS,PSEO Traffic Gen,PAUSED,,,,,,,,,,,,,,,PSEO Pins,,,,,1000000,,DAILY,PAUSED,,,,,,,,,,,,,,,AUTOMATIC_BID,,,,,,,,,,,,,,,,,,,,,https://errorcodehelp.com/social/p0021-obd2-code.png,Fix OBD2 Code P0021,"Meaning, Causes, and Fixes for OBD2 Code P0021.",,,,,,IMAGE,,https://errorcodehelp.com/p0021-obd2-code,,,,,,,,,,,,,,,,,,,,,,,,,,,,,,,,,,,,,,,,,,,,,,,,,,,,,,,,,,,,,,,,,,,,,,,,,,,,,,,,
,AWARENESS,PSEO Traffic Gen,PAUSED,,,,,,,,,,,,,,,PSEO Pins,,,,,1000000,,DAILY,PAUSED,,,,,,,,,,,,,,,AUTOMATIC_BID,,,,,,,,,,,,,,,,,,,,,https://errorcodehelp.com/social/p0022-obd2-code.png,Fix OBD2 Code P0022,"Meaning, Causes, and Fixes for OBD2 Code P0022.",,,,,,IMAGE,,https://errorcodehelp.com/p0022-obd2-code,,,,,,,,,,,,,,,,,,,,,,,,,,,,,,,,,,,,,,,,,,,,,,,,,,,,,,,,,,,,,,,,,,,,,,,,,,,,,,,,
,AWARENESS,PSEO Traffic Gen,PAUSED,,,,,,,,,,,,,,,PSEO Pins,,,,,1000000,,DAILY,PAUSED,,,,,,,,,,,,,,,AUTOMATIC_BID,,,,,,,,,,,,,,,,,,,,,https://errorcodehelp.com/social/p0023-obd2-code.png,Fix OBD2 Code P0023,"Meaning, Causes, and Fixes for OBD2 Code P0023.",,,,,,IMAGE,,https://errorcodehelp.com/p0023-obd2-code,,,,,,,,,,,,,,,,,,,,,,,,,,,,,,,,,,,,,,,,,,,,,,,,,,,,,,,,,,,,,,,,,,,,,,,,,,,,,,,,
,AWARENESS,PSEO Traffic Gen,PAUSED,,,,,,,,,,,,,,,PSEO Pins,,,,,1000000,,DAILY,PAUSED,,,,,,,,,,,,,,,AUTOMATIC_BID,,,,,,,,,,,,,,,,,,,,,https://errorcodehelp.com/social/p0024-obd2-code.png,Fix OBD2 Code P0024,"Meaning, Causes, and Fixes for OBD2 Code P0024.",,,,,,IMAGE,,https://errorcodehelp.com/p0024-obd2-code,,,,,,,,,,,,,,,,,,,,,,,,,,,,,,,,,,,,,,,,,,,,,,,,,,,,,,,,,,,,,,,,,,,,,,,,,,,,,,,,
,AWARENESS,PSEO Traffic Gen,PAUSED,,,,,,,,,,,,,,,PSEO Pins,,,,,1000000,,DAILY,PAUSED,,,,,,,,,,,,,,,AUTOMATIC_BID,,,,,,,,,,,,,,,,,,,,,https://errorcodehelp.com/social/p0025-obd2-code.png,Fix OBD2 Code P0025,"Meaning, Causes, and Fixes for OBD2 Code P0025.",,,,,,IMAGE,,https://errorcodehelp.com/p0025-obd2-code,,,,,,,,,,,,,,,,,,,,,,,,,,,,,,,,,,,,,,,,,,,,,,,,,,,,,,,,,,,,,,,,,,,,,,,,,,,,,,,,
,AWARENESS,PSEO Traffic Gen,PAUSED,,,,,,,,,,,,,,,PSEO Pins,,,,,1000000,,DAILY,PAUSED,,,,,,,,,,,,,,,AUTOMATIC_BID,,,,,,,,,,,,,,,,,,,,,https://errorcodehelp.com/social/p0026-obd2-code.png,Fix OBD2 Code P0026,"Meaning, Causes, and Fixes for OBD2 Code P0026.",,,,,,IMAGE,,https://errorcodehelp.com/p0026-obd2-code,,,,,,,,,,,,,,,,,,,,,,,,,,,,,,,,,,,,,,,,,,,,,,,,,,,,,,,,,,,,,,,,,,,,,,,,,,,,,,,,
,AWARENESS,PSEO Traffic Gen,PAUSED,,,,,,,,,,,,,,,PSEO Pins,,,,,1000000,,DAILY,PAUSED,,,,,,,,,,,,,,,AUTOMATIC_BID,,,,,,,,,,,,,,,,,,,,,https://errorcodehelp.com/social/p0027-obd2-code.png,Fix OBD2 Code P0027,"Meaning, Causes, and Fixes for OBD2 Code P0027.",,,,,,IMAGE,,https://errorcodehelp.com/p0027-obd2-code,,,,,,,,,,,,,,,,,,,,,,,,,,,,,,,,,,,,,,,,,,,,,,,,,,,,,,,,,,,,,,,,,,,,,,,,,,,,,,,,
,AWARENESS,PSEO Traffic Gen,PAUSED,,,,,,,,,,,,,,,PSEO Pins,,,,,1000000,,DAILY,PAUSED,,,,,,,,,,,,,,,AUTOMATIC_BID,,,,,,,,,,,,,,,,,,,,,https://errorcodehelp.com/social/p0028-obd2-code.png,Fix OBD2 Code P0028,"Meaning, Causes, and Fixes for OBD2 Code P0028.",,,,,,IMAGE,,https://errorcodehelp.com/p0028-obd2-code,,,,,,,,,,,,,,,,,,,,,,,,,,,,,,,,,,,,,,,,,,,,,,,,,,,,,,,,,,,,,,,,,,,,,,,,,,,,,,,,
,AWARENESS,PSEO Traffic Gen,PAUSED,,,,,,,,,,,,,,,PSEO Pins,,,,,1000000,,DAILY,PAUSED,,,,,,,,,,,,,,,AUTOMATIC_BID,,,,,,,,,,,,,,,,,,,,,https://errorcodehelp.com/social/p0029-obd2-code.png,Fix OBD2 Code P0029,"Meaning, Causes, and Fixes for OBD2 Code P0029.",,,,,,IMAGE,,https://errorcodehelp.com/p0029-obd2-code,,,,,,,,,,,,,,,,,,,,,,,,,,,,,,,,,,,,,,,,,,,,,,,,,,,,,,,,,,,,,,,,,,,,,,,,,,,,,,,,
,AWARENESS,PSEO Traffic Gen,PAUSED,,,,,,,,,,,,,,,PSEO Pins,,,,,1000000,,DAILY,PAUSED,,,,,,,,,,,,,,,AUTOMATIC_BID,,,,,,,,,,,,,,,,,,,,,https://errorcodehelp.com/social/p0030-obd2-code.png,Fix OBD2 Code P0030,"Meaning, Causes, and Fixes for OBD2 Code P0030.",,,,,,IMAGE,,https://errorcodehelp.com/p0030-obd2-code,,,,,,,,,,,,,,,,,,,,,,,,,,,,,,,,,,,,,,,,,,,,,,,,,,,,,,,,,,,,,,,,,,,,,,,,,,,,,,,,
,AWARENESS,PSEO Traffic Gen,PAUSED,,,,,,,,,,,,,,,PSEO Pins,,,,,1000000,,DAILY,PAUSED,,,,,,,,,,,,,,,AUTOMATIC_BID,,,,,,,,,,,,,,,,,,,,,https://errorcodehelp.com/social/p0031-obd2-code.png,Fix OBD2 Code P0031,"Meaning, Causes, and Fixes for OBD2 Code P0031.",,,,,,IMAGE,,https://errorcodehelp.com/p0031-obd2-code,,,,,,,,,,,,,,,,,,,,,,,,,,,,,,,,,,,,,,,,,,,,,,,,,,,,,,,,,,,,,,,,,,,,,,,,,,,,,,,,
,AWARENESS,PSEO Traffic Gen,PAUSED,,,,,,,,,,,,,,,PSEO Pins,,,,,1000000,,DAILY,PAUSED,,,,,,,,,,,,,,,AUTOMATIC_BID,,,,,,,,,,,,,,,,,,,,,https://errorcodehelp.com/social/p0032-obd2-code.png,Fix OBD2 Code P0032,"Meaning, Causes, and Fixes for OBD2 Code P0032.",,,,,,IMAGE,,https://errorcodehelp.com/p0032-obd2-code,,,,,,,,,,,,,,,,,,,,,,,,,,,,,,,,,,,,,,,,,,,,,,,,,,,,,,,,,,,,,,,,,,,,,,,,,,,,,,,,
,AWARENESS,PSEO Traffic Gen,PAUSED,,,,,,,,,,,,,,,PSEO Pins,,,,,1000000,,DAILY,PAUSED,,,,,,,,,,,,,,,AUTOMATIC_BID,,,,,,,,,,,,,,,,,,,,,https://errorcodehelp.com/social/p0033-obd2-code.png,Fix OBD2 Code P0033,"Meaning, Causes, and Fixes for OBD2 Code P0033.",,,,,,IMAGE,,https://errorcodehelp.com/p0033-obd2-code,,,,,,,,,,,,,,,,,,,,,,,,,,,,,,,,,,,,,,,,,,,,,,,,,,,,,,,,,,,,,,,,,,,,,,,,,,,,,,,,
,AWARENESS,PSEO Traffic Gen,PAUSED,,,,,,,,,,,,,,,PSEO Pins,,,,,1000000,,DAILY,PAUSED,,,,,,,,,,,,,,,AUTOMATIC_BID,,,,,,,,,,,,,,,,,,,,,https://errorcodehelp.com/social/p0034-obd2-code.png,Fix OBD2 Code P0034,"Meaning, Causes, and Fixes for OBD2 Code P0034.",,,,,,IMAGE,,https://errorcodehelp.com/p0034-obd2-code,,,,,,,,,,,,,,,,,,,,,,,,,,,,,,,,,,,,,,,,,,,,,,,,,,,,,,,,,,,,,,,,,,,,,,,,,,,,,,,,
,AWARENESS,PSEO Traffic Gen,PAUSED,,,,,,,,,,,,,,,PSEO Pins,,,,,1000000,,DAILY,PAUSED,,,,,,,,,,,,,,,AUTOMATIC_BID,,,,,,,,,,,,,,,,,,,,,https://errorcodehelp.com/social/p0035-obd2-code.png,Fix OBD2 Code P0035,"Meaning, Causes, and Fixes for OBD2 Code P0035.",,,,,,IMAGE,,https://errorcodehelp.com/p0035-obd2-code,,,,,,,,,,,,,,,,,,,,,,,,,,,,,,,,,,,,,,,,,,,,,,,,,,,,,,,,,,,,,,,,,,,,,,,,,,,,,,,,
,AWARENESS,PSEO Traffic Gen,PAUSED,,,,,,,,,,,,,,,PSEO Pins,,,,,1000000,,DAILY,PAUSED,,,,,,,,,,,,,,,AUTOMATIC_BID,,,,,,,,,,,,,,,,,,,,,https://errorcodehelp.com/social/p0036-obd2-code.png,Fix OBD2 Code P0036,"Meaning, Causes, and Fixes for OBD2 Code P0036.",,,,,,IMAGE,,https://errorcodehelp.com/p0036-obd2-code,,,,,,,,,,,,,,,,,,,,,,,,,,,,,,,,,,,,,,,,,,,,,,,,,,,,,,,,,,,,,,,,,,,,,,,,,,,,,,,,
,AWARENESS,PSEO Traffic Gen,PAUSED,,,,,,,,,,,,,,,PSEO Pins,,,,,1000000,,DAILY,PAUSED,,,,,,,,,,,,,,,AUTOMATIC_BID,,,,,,,,,,,,,,,,,,,,,https://errorcodehelp.com/social/p0037-obd2-code.png,Fix OBD2 Code P0037,"Meaning, Causes, and Fixes for OBD2 Code P0037.",,,,,,IMAGE,,https://errorcodehelp.com/p0037-obd2-code,,,,,,,,,,,,,,,,,,,,,,,,,,,,,,,,,,,,,,,,,,,,,,,,,,,,,,,,,,,,,,,,,,,,,,,,,,,,,,,,
,AWARENESS,PSEO Traffic Gen,PAUSED,,,,,,,,,,,,,,,PSEO Pins,,,,,1000000,,DAILY,PAUSED,,,,,,,,,,,,,,,AUTOMATIC_BID,,,,,,,,,,,,,,,,,,,,,https://errorcodehelp.com/social/p0038-obd2-code.png,Fix OBD2 Code P0038,"Meaning, Causes, and Fixes for OBD2 Code P0038.",,,,,,IMAGE,,https://errorcodehelp.com/p0038-obd2-code,,,,,,,,,,,,,,,,,,,,,,,,,,,,,,,,,,,,,,,,,,,,,,,,,,,,,,,,,,,,,,,,,,,,,,,,,,,,,,,,
,AWARENESS,PSEO Traffic Gen,PAUSED,,,,,,,,,,,,,,,PSEO Pins,,,,,1000000,,DAILY,PAUSED,,,,,,,,,,,,,,,AUTOMATIC_BID,,,,,,,,,,,,,,,,,,,,,https://errorcodehelp.com/social/p0039-obd2-code.png,Fix OBD2 Code P0039,"Meaning, Causes, and Fixes for OBD2 Code P0039.",,,,,,IMAGE,,https://errorcodehelp.com/p0039-obd2-code,,,,,,,,,,,,,,,,,,,,,,,,,,,,,,,,,,,,,,,,,,,,,,,,,,,,,,,,,,,,,,,,,,,,,,,,,,,,,,,,
,AWARENESS,PSEO Traffic Gen,PAUSED,,,,,,,,,,,,,,,PSEO Pins,,,,,1000000,,DAILY,PAUSED,,,,,,,,,,,,,,,AUTOMATIC_BID,,,,,,,,,,,,,,,,,,,,,https://errorcodehelp.com/social/p0040-obd2-code.png,Fix OBD2 Code P0040,"Meaning, Causes, and Fixes for OBD2 Code P0040.",,,,,,IMAGE,,https://errorcodehelp.com/p0040-obd2-code,,,,,,,,,,,,,,,,,,,,,,,,,,,,,,,,,,,,,,,,,,,,,,,,,,,,,,,,,,,,,,,,,,,,,,,,,,,,,,,,
,AWARENESS,PSEO Traffic Gen,PAUSED,,,,,,,,,,,,,,,PSEO Pins,,,,,1000000,,DAILY,PAUSED,,,,,,,,,,,,,,,AUTOMATIC_BID,,,,,,,,,,,,,,,,,,,,,https://errorcodehelp.com/social/p0041-obd2-code.png,Fix OBD2 Code P0041,"Meaning, Causes, and Fixes for OBD2 Code P0041.",,,,,,IMAGE,,https://errorcodehelp.com/p0041-obd2-code,,,,,,,,,,,,,,,,,,,,,,,,,,,,,,,,,,,,,,,,,,,,,,,,,,,,,,,,,,,,,,,,,,,,,,,,,,,,,,,,
,AWARENESS,PSEO Traffic Gen,PAUSED,,,,,,,,,,,,,,,PSEO Pins,,,,,1000000,,DAILY,PAUSED,,,,,,,,,,,,,,,AUTOMATIC_BID,,,,,,,,,,,,,,,,,,,,,https://errorcodehelp.com/social/p0042-obd2-code.png,Fix OBD2 Code P0042,"Meaning, Causes, and Fixes for OBD2 Code P0042.",,,,,,IMAGE,,https://errorcodehelp.com/p0042-obd2-code,,,,,,,,,,,,,,,,,,,,,,,,,,,,,,,,,,,,,,,,,,,,,,,,,,,,,,,,,,,,,,,,,,,,,,,,,,,,,,,,
,AWARENESS,PSEO Traffic Gen,PAUSED,,,,,,,,,,,,,,,PSEO Pins,,,,,1000000,,DAILY,PAUSED,,,,,,,,,,,,,,,AUTOMATIC_BID,,,,,,,,,,,,,,,,,,,,,https://errorcodehelp.com/social/p0043-obd2-code.png,Fix OBD2 Code P0043,"Meaning, Causes, and Fixes for OBD2 Code P0043.",,,,,,IMAGE,,https://errorcodehelp.com/p0043-obd2-code,,,,,,,,,,,,,,,,,,,,,,,,,,,,,,,,,,,,,,,,,,,,,,,,,,,,,,,,,,,,,,,,,,,,,,,,,,,,,,,,
,AWARENESS,PSEO Traffic Gen,PAUSED,,,,,,,,,,,,,,,PSEO Pins,,,,,1000000,,DAILY,PAUSED,,,,,,,,,,,,,,,AUTOMATIC_BID,,,,,,,,,,,,,,,,,,,,,https://errorcodehelp.com/social/p0044-obd2-code.png,Fix OBD2 Code P0044,"Meaning, Causes, and Fixes for OBD2 Code P0044.",,,,,,IMAGE,,https://errorcodehelp.com/p0044-obd2-code,,,,,,,,,,,,,,,,,,,,,,,,,,,,,,,,,,,,,,,,,,,,,,,,,,,,,,,,,,,,,,,,,,,,,,,,,,,,,,,,
,AWARENESS,PSEO Traffic Gen,PAUSED,,,,,,,,,,,,,,,PSEO Pins,,,,,1000000,,DAILY,PAUSED,,,,,,,,,,,,,,,AUTOMATIC_BID,,,,,,,,,,,,,,,,,,,,,https://errorcodehelp.com/social/p0045-obd2-code.png,Fix OBD2 Code P0045,"Meaning, Causes, and Fixes for OBD2 Code P0045.",,,,,,IMAGE,,https://errorcodehelp.com/p0045-obd2-code,,,,,,,,,,,,,,,,,,,,,,,,,,,,,,,,,,,,,,,,,,,,,,,,,,,,,,,,,,,,,,,,,,,,,,,,,,,,,,,,
,AWARENESS,PSEO Traffic Gen,PAUSED,,,,,,,,,,,,,,,PSEO Pins,,,,,1000000,,DAILY,PAUSED,,,,,,,,,,,,,,,AUTOMATIC_BID,,,,,,,,,,,,,,,,,,,,,https://errorcodehelp.com/social/p0046-obd2-code.png,Fix OBD2 Code P0046,"Meaning, Causes, and Fixes for OBD2 Code P0046.",,,,,,IMAGE,,https://errorcodehelp.com/p0046-obd2-code,,,,,,,,,,,,,,,,,,,,,,,,,,,,,,,,,,,,,,,,,,,,,,,,,,,,,,,,,,,,,,,,,,,,,,,,,,,,,,,,
,AWARENESS,PSEO Traffic Gen,PAUSED,,,,,,,,,,,,,,,PSEO Pins,,,,,1000000,,DAILY,PAUSED,,,,,,,,,,,,,,,AUTOMATIC_BID,,,,,,,,,,,,,,,,,,,,,https://errorcodehelp.com/social/p0047-obd2-code.png,Fix OBD2 Code P0047,"Meaning, Causes, and Fixes for OBD2 Code P0047.",,,,,,IMAGE,,https://errorcodehelp.com/p0047-obd2-code,,,,,,,,,,,,,,,,,,,,,,,,,,,,,,,,,,,,,,,,,,,,,,,,,,,,,,,,,,,,,,,,,,,,,,,,,,,,,,,,
,AWARENESS,PSEO Traffic Gen,PAUSED,,,,,,,,,,,,,,,PSEO Pins,,,,,1000000,,DAILY,PAUSED,,,,,,,,,,,,,,,AUTOMATIC_BID,,,,,,,,,,,,,,,,,,,,,https://errorcodehelp.com/social/p0048-obd2-code.png,Fix OBD2 Code P0048,"Meaning, Causes, and Fixes for OBD2 Code P0048.",,,,,,IMAGE,,https://errorcodehelp.com/p0048-obd2-code,,,,,,,,,,,,,,,,,,,,,,,,,,,,,,,,,,,,,,,,,,,,,,,,,,,,,,,,,,,,,,,,,,,,,,,,,,,,,,,,
,AWARENESS,PSEO Traffic Gen,PAUSED,,,,,,,,,,,,,,,PSEO Pins,,,,,1000000,,DAILY,PAUSED,,,,,,,,,,,,,,,AUTOMATIC_BID,,,,,,,,,,,,,,,,,,,,,https://errorcodehelp.com/social/p0049-obd2-code.png,Fix OBD2 Code P0049,"Meaning, Causes, and Fixes for OBD2 Code P0049.",,,,,,IMAGE,,https://errorcodehelp.com/p0049-obd2-code,,,,,,,,,,,,,,,,,,,,,,,,,,,,,,,,,,,,,,,,,,,,,,,,,,,,,,,,,,,,,,,,,,,,,,,,,,,,,,,,
,AWARENESS,PSEO Traffic Gen,PAUSED,,,,,,,,,,,,,,,PSEO Pins,,,,,1000000,,DAILY,PAUSED,,,,,,,,,,,,,,,AUTOMATIC_BID,,,,,,,,,,,,,,,,,,,,,https://errorcodehelp.com/social/p0050-obd2-code.png,Fix OBD2 Code P0050,"Meaning, Causes, and Fixes for OBD2 Code P0050.",,,,,,IMAGE,,https://errorcodehelp.com/p0050-obd2-code,,,,,,,,,,,,,,,,,,,,,,,,,,,,,,,,,,,,,,,,,,,,,,,,,,,,,,,,,,,,,,,,,,,,,,,,,,,,,,,,
,AWARENESS,PSEO Traffic Gen,PAUSED,,,,,,,,,,,,,,,PSEO Pins,,,,,1000000,,DAILY,PAUSED,,,,,,,,,,,,,,,AUTOMATIC_BID,,,,,,,,,,,,,,,,,,,,,https://saasguide.org/social/tool-1-vs-tool-2.png,Tool 1 vs Tool 2 Comparison,"Unbiased comparison of features, pricing, and pros/cons.",,,,,,IMAGE,,https://saasguide.org/tool-1-vs-tool-2,,,,,,,,,,,,,,,,,,,,,,,,,,,,,,,,,,,,,,,,,,,,,,,,,,,,,,,,,,,,,,,,,,,,,,,,,,,,,,,,
,AWARENESS,PSEO Traffic Gen,PAUSED,,,,,,,,,,,,,,,PSEO Pins,,,,,1000000,,DAILY,PAUSED,,,,,,,,,,,,,,,AUTOMATIC_BID,,,,,,,,,,,,,,,,,,,,,https://saasguide.org/social/tool-2-vs-tool-3.png,Tool 2 vs Tool 3 Comparison,"Unbiased comparison of features, pricing, and pros/cons.",,,,,,IMAGE,,https://saasguide.org/tool-2-vs-tool-3,,,,,,,,,,,,,,,,,,,,,,,,,,,,,,,,,,,,,,,,,,,,,,,,,,,,,,,,,,,,,,,,,,,,,,,,,,,,,,,,
,AWARENESS,PSEO Traffic Gen,PAUSED,,,,,,,,,,,,,,,PSEO Pins,,,,,1000000,,DAILY,PAUSED,,,,,,,,,,,,,,,AUTOMATIC_BID,,,,,,,,,,,,,,,,,,,,,https://saasguide.org/social/tool-3-vs-tool-4.png,Tool 3 vs Tool 4 Comparison,"Unbiased comparison of features, pricing, and pros/cons.",,,,,,IMAGE,,https://saasguide.org/tool-3-vs-tool-4,,,,,,,,,,,,,,,,,,,,,,,,,,,,,,,,,,,,,,,,,,,,,,,,,,,,,,,,,,,,,,,,,,,,,,,,,,,,,,,,
,AWARENESS,PSEO Traffic Gen,PAUSED,,,,,,,,,,,,,,,PSEO Pins,,,,,1000000,,DAILY,PAUSED,,,,,,,,,,,,,,,AUTOMATIC_BID,,,,,,,,,,,,,,,,,,,,,https://saasguide.org/social/tool-4-vs-tool-5.png,Tool 4 vs Tool 5 Comparison,"Unbiased comparison of features, pricing, and pros/cons.",,,,,,IMAGE,,https://saasguide.org/tool-4-vs-tool-5,,,,,,,,,,,,,,,,,,,,,,,,,,,,,,,,,,,,,,,,,,,,,,,,,,,,,,,,,,,,,,,,,,,,,,,,,,,,,,,,
,AWARENESS,PSEO Traffic Gen,PAUSED,,,,,,,,,,,,,,,PSEO Pins,,,,,1000000,,DAILY,PAUSED,,,,,,,,,,,,,,,AUTOMATIC_BID,,,,,,,,,,,,,,,,,,,,,https://saasguide.org/social/tool-5-vs-tool-6.png,Tool 5 vs Tool 6 Comparison,"Unbiased comparison of features, pricing, and pros/cons.",,,,,,IMAGE,,https://saasguide.org/tool-5-vs-tool-6,,,,,,,,,,,,,,,,,,,,,,,,,,,,,,,,,,,,,,,,,,,,,,,,,,,,,,,,,,,,,,,,,,,,,,,,,,,,,,,,
,AWARENESS,PSEO Traffic Gen,PAUSED,,,,,,,,,,,,,,,PSEO Pins,,,,,1000000,,DAILY,PAUSED,,,,,,,,,,,,,,,AUTOMATIC_BID,,,,,,,,,,,,,,,,,,,,,https://saasguide.org/social/tool-6-vs-tool-7.png,Tool 6 vs Tool 7 Comparison,"Unbiased comparison of features, pricing, and pros/cons.",,,,,,IMAGE,,https://saasguide.org/tool-6-vs-tool-7,,,,,,,,,,,,,,,,,,,,,,,,,,,,,,,,,,,,,,,,,,,,,,,,,,,,,,,,,,,,,,,,,,,,,,,,,,,,,,,,
,AWARENESS,PSEO Traffic Gen,PAUSED,,,,,,,,,,,,,,,PSEO Pins,,,,,1000000,,DAILY,PAUSED,,,,,,,,,,,,,,,AUTOMATIC_BID,,,,,,,,,,,,,,,,,,,,,https://saasguide.org/social/tool-7-vs-tool-8.png,Tool 7 vs Tool 8 Comparison,"Unbiased comparison of features, pricing, and pros/cons.",,,,,,IMAGE,,https://saasguide.org/tool-7-vs-tool-8,,,,,,,,,,,,,,,,,,,,,,,,,,,,,,,,,,,,,,,,,,,,,,,,,,,,,,,,,,,,,,,,,,,,,,,,,,,,,,,,
,AWARENESS,PSEO Traffic Gen,PAUSED,,,,,,,,,,,,,,,PSEO Pins,,,,,1000000,,DAILY,PAUSED,,,,,,,,,,,,,,,AUTOMATIC_BID,,,,,,,,,,,,,,,,,,,,,https://saasguide.org/social/tool-8-vs-tool-9.png,Tool 8 vs Tool 9 Comparison,"Unbiased comparison of features, pricing, and pros/cons.",,,,,,IMAGE,,https://saasguide.org/tool-8-vs-tool-9,,,,,,,,,,,,,,,,,,,,,,,,,,,,,,,,,,,,,,,,,,,,,,,,,,,,,,,,,,,,,,,,,,,,,,,,,,,,,,,,
,AWARENESS,PSEO Traffic Gen,PAUSED,,,,,,,,,,,,,,,PSEO Pins,,,,,1000000,,DAILY,PAUSED,,,,,,,,,,,,,,,AUTOMATIC_BID,,,,,,,,,,,,,,,,,,,,,https://saasguide.org/social/tool-9-vs-tool-10.png,Tool 9 vs Tool 10 Comparison,"Unbiased comparison of features, pricing, and pros/cons.",,,,,,IMAGE,,https://saasguide.org/tool-9-vs-tool-10,,,,,,,,,,,,,,,,,,,,,,,,,,,,,,,,,,,,,,,,,,,,,,,,,,,,,,,,,,,,,,,,,,,,,,,,,,,,,,,,
,AWARENESS,PSEO Traffic Gen,PAUSED,,,,,,,,,,,,,,,PSEO Pins,,,,,1000000,,DAILY,PAUSED,,,,,,,,,,,,,,,AUTOMATIC_BID,,,,,,,,,,,,,,,,,,,,,https://saasguide.org/social/tool-10-vs-tool-11.png,Tool 10 vs Tool 11 Comparison,"Unbiased comparison of features, pricing, and pros/cons.",,,,,,IMAGE,,https://saasguide.org/tool-10-vs-tool-11,,,,,,,,,,,,,,,,,,,,,,,,,,,,,,,,,,,,,,,,,,,,,,,,,,,,,,,,,,,,,,,,,,,,,,,,,,,,,,,,
,AWARENESS,PSEO Traffic Gen,PAUSED,,,,,,,,,,,,,,,PSEO Pins,,,,,1000000,,DAILY,PAUSED,,,,,,,,,,,,,,,AUTOMATIC_BID,,,,,,,,,,,,,,,,,,,,,https://saasguide.org/social/tool-11-vs-tool-12.png,Tool 11 vs Tool 12 Comparison,"Unbiased comparison of features, pricing, and pros/cons.",,,,,,IMAGE,,https://saasguide.org/tool-11-vs-tool-12,,,,,,,,,,,,,,,,,,,,,,,,,,,,,,,,,,,,,,,,,,,,,,,,,,,,,,,,,,,,,,,,,,,,,,,,,,,,,,,,
,AWARENESS,PSEO Traffic Gen,PAUSED,,,,,,,,,,,,,,,PSEO Pins,,,,,1000000,,DAILY,PAUSED,,,,,,,,,,,,,,,AUTOMATIC_BID,,,,,,,,,,,,,,,,,,,,,https://saasguide.org/social/tool-12-vs-tool-13.png,Tool 12 vs Tool 13 Comparison,"Unbiased comparison of features, pricing, and pros/cons.",,,,,,IMAGE,,https://saasguide.org/tool-12-vs-tool-13,,,,,,,,,,,,,,,,,,,,,,,,,,,,,,,,,,,,,,,,,,,,,,,,,,,,,,,,,,,,,,,,,,,,,,,,,,,,,,,,
,AWARENESS,PSEO Traffic Gen,PAUSED,,,,,,,,,,,,,,,PSEO Pins,,,,,1000000,,DAILY,PAUSED,,,,,,,,,,,,,,,AUTOMATIC_BID,,,,,,,,,,,,,,,,,,,,,https://saasguide.org/social/tool-13-vs-tool-14.png,Tool 13 vs Tool 14 Comparison,"Unbiased comparison of features, pricing, and pros/cons.",,,,,,IMAGE,,https://saasguide.org/tool-13-vs-tool-14,,,,,,,,,,,,,,,,,,,,,,,,,,,,,,,,,,,,,,,,,,,,,,,,,,,,,,,,,,,,,,,,,,,,,,,,,,,,,,,,
,AWARENESS,PSEO Traffic Gen,PAUSED,,,,,,,,,,,,,,,PSEO Pins,,,,,1000000,,DAILY,PAUSED,,,,,,,,,,,,,,,AUTOMATIC_BID,,,,,,,,,,,,,,,,,,,,,https://saasguide.org/social/tool-14-vs-tool-15.png,Tool 14 vs Tool 15 Comparison,"Unbiased comparison of features, pricing, and pros/cons.",,,,,,IMAGE,,https://saasguide.org/tool-14-vs-tool-15,,,,,,,,,,,,,,,,,,,,,,,,,,,,,,,,,,,,,,,,,,,,,,,,,,,,,,,,,,,,,,,,,,,,,,,,,,,,,,,,
,AWARENESS,PSEO Traffic Gen,PAUSED,,,,,,,,,,,,,,,PSEO Pins,,,,,1000000,,DAILY,PAUSED,,,,,,,,,,,,,,,AUTOMATIC_BID,,,,,,,,,,,,,,,,,,,,,https://saasguide.org/social/tool-15-vs-tool-16.png,Tool 15 vs Tool 16 Comparison,"Unbiased comparison of features, pricing, and pros/cons.",,,,,,IMAGE,,https://saasguide.org/tool-15-vs-tool-16,,,,,,,,,,,,,,,,,,,,,,,,,,,,,,,,,,,,,,,,,,,,,,,,,,,,,,,,,,,,,,,,,,,,,,,,,,,,,,,,
,AWARENESS,PSEO Traffic Gen,PAUSED,,,,,,,,,,,,,,,PSEO Pins,,,,,1000000,,DAILY,PAUSED,,,,,,,,,,,,,,,AUTOMATIC_BID,,,,,,,,,,,,,,,,,,,,,https://saasguide.org/social/tool-16-vs-tool-17.png,Tool 16 vs Tool 17 Comparison,"Unbiased comparison of features, pricing, and pros/cons.",,,,,,IMAGE,,https://saasguide.org/tool-16-vs-tool-17,,,,,,,,,,,,,,,,,,,,,,,,,,,,,,,,,,,,,,,,,,,,,,,,,,,,,,,,,,,,,,,,,,,,,,,,,,,,,,,,
,AWARENESS,PSEO Traffic Gen,PAUSED,,,,,,,,,,,,,,,PSEO Pins,,,,,1000000,,DAILY,PAUSED,,,,,,,,,,,,,,,AUTOMATIC_BID,,,,,,,,,,,,,,,,,,,,,https://saasguide.org/social/tool-17-vs-tool-18.png,Tool 17 vs Tool 18 Comparison,"Unbiased comparison of features, pricing, and pros/cons.",,,,,,IMAGE,,https://saasguide.org/tool-17-vs-tool-18,,,,,,,,,,,,,,,,,,,,,,,,,,,,,,,,,,,,,,,,,,,,,,,,,,,,,,,,,,,,,,,,,,,,,,,,,,,,,,,,
,AWARENESS,PSEO Traffic Gen,PAUSED,,,,,,,,,,,,,,,PSEO Pins,,,,,1000000,,DAILY,PAUSED,,,,,,,,,,,,,,,AUTOMATIC_BID,,,,,,,,,,,,,,,,,,,,,https://saasguide.org/social/tool-18-vs-tool-19.png,Tool 18 vs Tool 19 Comparison,"Unbiased comparison of features, pricing, and pros/cons.",,,,,,IMAGE,,https://saasguide.org/tool-18-vs-tool-19,,,,,,,,,,,,,,,,,,,,,,,,,,,,,,,,,,,,,,,,,,,,,,,,,,,,,,,,,,,,,,,,,,,,,,,,,,,,,,,,
,AWARENESS,PSEO Traffic Gen,PAUSED,,,,,,,,,,,,,,,PSEO Pins,,,,,1000000,,DAILY,PAUSED,,,,,,,,,,,,,,,AUTOMATIC_BID,,,,,,,,,,,,,,,,,,,,,https://saasguide.org/social/tool-19-vs-tool-20.png,Tool 19 vs Tool 20 Comparison,"Unbiased comparison of features, pricing, and pros/cons.",,,,,,IMAGE,,https://saasguide.org/tool-19-vs-tool-20,,,,,,,,,,,,,,,,,,,,,,,,,,,,,,,,,,,,,,,,,,,,,,,,,,,,,,,,,,,,,,,,,,,,,,,,,,,,,,,,
,AWARENESS,PSEO Traffic Gen,PAUSED,,,,,,,,,,,,,,,PSEO Pins,,,,,1000000,,DAILY,PAUSED,,,,,,,,,,,,,,,AUTOMATIC_BID,,,,,,,,,,,,,,,,,,,,,https://saasguide.org/social/tool-20-vs-tool-21.png,Tool 20 vs Tool 21 Comparison,"Unbiased comparison of features, pricing, and pros/cons.",,,,,,IMAGE,,https://saasguide.org/tool-20-vs-tool-21,,,,,,,,,,,,,,,,,,,,,,,,,,,,,,,,,,,,,,,,,,,,,,,,,,,,,,,,,,,,,,,,,,,,,,,,,,,,,,,,
,AWARENESS,PSEO Traffic Gen,PAUSED,,,,,,,,,,,,,,,PSEO Pins,,,,,1000000,,DAILY,PAUSED,,,,,,,,,,,,,,,AUTOMATIC_BID,,,,,,,,,,,,,,,,,,,,,https://saasguide.org/social/tool-21-vs-tool-22.png,Tool 21 vs Tool 22 Comparison,"Unbiased comparison of features, pricing, and pros/cons.",,,,,,IMAGE,,https://saasguide.org/tool-21-vs-tool-22,,,,,,,,,,,,,,,,,,,,,,,,,,,,,,,,,,,,,,,,,,,,,,,,,,,,,,,,,,,,,,,,,,,,,,,,,,,,,,,,
,AWARENESS,PSEO Traffic Gen,PAUSED,,,,,,,,,,,,,,,PSEO Pins,,,,,1000000,,DAILY,PAUSED,,,,,,,,,,,,,,,AUTOMATIC_BID,,,,,,,,,,,,,,,,,,,,,https://saasguide.org/social/tool-22-vs-tool-23.png,Tool 22 vs Tool 23 Comparison,"Unbiased comparison of features, pricing, and pros/cons.",,,,,,IMAGE,,https://saasguide.org/tool-22-vs-tool-23,,,,,,,,,,,,,,,,,,,,,,,,,,,,,,,,,,,,,,,,,,,,,,,,,,,,,,,,,,,,,,,,,,,,,,,,,,,,,,,,
,AWARENESS,PSEO Traffic Gen,PAUSED,,,,,,,,,,,,,,,PSEO Pins,,,,,1000000,,DAILY,PAUSED,,,,,,,,,,,,,,,AUTOMATIC_BID,,,,,,,,,,,,,,,,,,,,,https://saasguide.org/social/tool-23-vs-tool-24.png,Tool 23 vs Tool 24 Comparison,"Unbiased comparison of features, pricing, and pros/cons.",,,,,,IMAGE,,https://saasguide.org/tool-23-vs-tool-24,,,,,,,,,,,,,,,,,,,,,,,,,,,,,,,,,,,,,,,,,,,,,,,,,,,,,,,,,,,,,,,,,,,,,,,,,,,,,,,,
,AWARENESS,PSEO Traffic Gen,PAUSED,,,,,,,,,,,,,,,PSEO Pins,,,,,1000000,,DAILY,PAUSED,,,,,,,,,,,,,,,AUTOMATIC_BID,,,,,,,,,,,,,,,,,,,,,https://saasguide.org/social/tool-24-vs-tool-25.png,Tool 24 vs Tool 25 Comparison,"Unbiased comparison of features, pricing, and pros/cons.",,,,,,IMAGE,,https://saasguide.org/tool-24-vs-tool-25,,,,,,,,,,,,,,,,,,,,,,,,,,,,,,,,,,,,,,,,,,,,,,,,,,,,,,,,,,,,,,,,,,,,,,,,,,,,,,,,
,AWARENESS,PSEO Traffic Gen,PAUSED,,,,,,,,,,,,,,,PSEO Pins,,,,,1000000,,DAILY,PAUSED,,,,,,,,,,,,,,,AUTOMATIC_BID,,,,,,,,,,,,,,,,,,,,,https://saasguide.org/social/tool-25-vs-tool-26.png,Tool 25 vs Tool 26 Comparison,"Unbiased comparison of features, pricing, and pros/cons.",,,,,,IMAGE,,https://saasguide.org/tool-25-vs-tool-26,,,,,,,,,,,,,,,,,,,,,,,,,,,,,,,,,,,,,,,,,,,,,,,,,,,,,,,,,,,,,,,,,,,,,,,,,,,,,,,,
,AWARENESS,PSEO Traffic Gen,PAUSED,,,,,,,,,,,,,,,PSEO Pins,,,,,1000000,,DAILY,PAUSED,,,,,,,,,,,,,,,AUTOMATIC_BID,,,,,,,,,,,,,,,,,,,,,https://saasguide.org/social/tool-26-vs-tool-27.png,Tool 26 vs Tool 27 Comparison,"Unbiased comparison of features, pricing, and pros/cons.",,,,,,IMAGE,,https://saasguide.org/tool-26-vs-tool-27,,,,,,,,,,,,,,,,,,,,,,,,,,,,,,,,,,,,,,,,,,,,,,,,,,,,,,,,,,,,,,,,,,,,,,,,,,,,,,,,
,AWARENESS,PSEO Traffic Gen,PAUSED,,,,,,,,,,,,,,,PSEO Pins,,,,,1000000,,DAILY,PAUSED,,,,,,,,,,,,,,,AUTOMATIC_BID,,,,,,,,,,,,,,,,,,,,,https://saasguide.org/social/tool-27-vs-tool-28.png,Tool 27 vs Tool 28 Comparison,"Unbiased comparison of features, pricing, and pros/cons.",,,,,,IMAGE,,https://saasguide.org/tool-27-vs-tool-28,,,,,,,,,,,,,,,,,,,,,,,,,,,,,,,,,,,,,,,,,,,,,,,,,,,,,,,,,,,,,,,,,,,,,,,,,,,,,,,,
,AWARENESS,PSEO Traffic Gen,PAUSED,,,,,,,,,,,,,,,PSEO Pins,,,,,1000000,,DAILY,PAUSED,,,,,,,,,,,,,,,AUTOMATIC_BID,,,,,,,,,,,,,,,,,,,,,https://saasguide.org/social/tool-28-vs-tool-29.png,Tool 28 vs Tool 29 Comparison,"Unbiased comparison of features, pricing, and pros/cons.",,,,,,IMAGE,,https://saasguide.org/tool-28-vs-tool-29,,,,,,,,,,,,,,,,,,,,,,,,,,,,,,,,,,,,,,,,,,,,,,,,,,,,,,,,,,,,,,,,,,,,,,,,,,,,,,,,
,AWARENESS,PSEO Traffic Gen,PAUSED,,,,,,,,,,,,,,,PSEO Pins,,,,,1000000,,DAILY,PAUSED,,,,,,,,,,,,,,,AUTOMATIC_BID,,,,,,,,,,,,,,,,,,,,,https://saasguide.org/social/tool-29-vs-tool-30.png,Tool 29 vs Tool 30 Comparison,"Unbiased comparison of features, pricing, and pros/cons.",,,,,,IMAGE,,https://saasguide.org/tool-29-vs-tool-30,,,,,,,,,,,,,,,,,,,,,,,,,,,,,,,,,,,,,,,,,,,,,,,,,,,,,,,,,,,,,,,,,,,,,,,,,,,,,,,,
,AWARENESS,PSEO Traffic Gen,PAUSED,,,,,,,,,,,,,,,PSEO Pins,,,,,1000000,,DAILY,PAUSED,,,,,,,,,,,,,,,AUTOMATIC_BID,,,,,,,,,,,,,,,,,,,,,https://saasguide.org/social/tool-30-vs-tool-31.png,Tool 30 vs Tool 31 Comparison,"Unbiased comparison of features, pricing, and pros/cons.",,,,,,IMAGE,,https://saasguide.org/tool-30-vs-tool-31,,,,,,,,,,,,,,,,,,,,,,,,,,,,,,,,,,,,,,,,,,,,,,,,,,,,,,,,,,,,,,,,,,,,,,,,,,,,,,,,
,AWARENESS,PSEO Traffic Gen,PAUSED,,,,,,,,,,,,,,,PSEO Pins,,,,,1000000,,DAILY,PAUSED,,,,,,,,,,,,,,,AUTOMATIC_BID,,,,,,,,,,,,,,,,,,,,,https://saasguide.org/social/tool-31-vs-tool-32.png,Tool 31 vs Tool 32 Comparison,"Unbiased comparison of features, pricing, and pros/cons.",,,,,,IMAGE,,https://saasguide.org/tool-31-vs-tool-32,,,,,,,,,,,,,,,,,,,,,,,,,,,,,,,,,,,,,,,,,,,,,,,,,,,,,,,,,,,,,,,,,,,,,,,,,,,,,,,,
,AWARENESS,PSEO Traffic Gen,PAUSED,,,,,,,,,,,,,,,PSEO Pins,,,,,1000000,,DAILY,PAUSED,,,,,,,,,,,,,,,AUTOMATIC_BID,,,,,,,,,,,,,,,,,,,,,https://saasguide.org/social/tool-32-vs-tool-33.png,Tool 32 vs Tool 33 Comparison,"Unbiased comparison of features, pricing, and pros/cons.",,,,,,IMAGE,,https://saasguide.org/tool-32-vs-tool-33,,,,,,,,,,,,,,,,,,,,,,,,,,,,,,,,,,,,,,,,,,,,,,,,,,,,,,,,,,,,,,,,,,,,,,,,,,,,,,,,
,AWARENESS,PSEO Traffic Gen,PAUSED,,,,,,,,,,,,,,,PSEO Pins,,,,,1000000,,DAILY,PAUSED,,,,,,,,,,,,,,,AUTOMATIC_BID,,,,,,,,,,,,,,,,,,,,,https://saasguide.org/social/tool-33-vs-tool-34.png,Tool 33 vs Tool 34 Comparison,"Unbiased comparison of features, pricing, and pros/cons.",,,,,,IMAGE,,https://saasguide.org/tool-33-vs-tool-34,,,,,,,,,,,,,,,,,,,,,,,,,,,,,,,,,,,,,,,,,,,,,,,,,,,,,,,,,,,,,,,,,,,,,,,,,,,,,,,,
,AWARENESS,PSEO Traffic Gen,PAUSED,,,,,,,,,,,,,,,PSEO Pins,,,,,1000000,,DAILY,PAUSED,,,,,,,,,,,,,,,AUTOMATIC_BID,,,,,,,,,,,,,,,,,,,,,https://saasguide.org/social/tool-34-vs-tool-35.png,Tool 34 vs Tool 35 Comparison,"Unbiased comparison of features, pricing, and pros/cons.",,,,,,IMAGE,,https://saasguide.org/tool-34-vs-tool-35,,,,,,,,,,,,,,,,,,,,,,,,,,,,,,,,,,,,,,,,,,,,,,,,,,,,,,,,,,,,,,,,,,,,,,,,,,,,,,,,
,AWARENESS,PSEO Traffic Gen,PAUSED,,,,,,,,,,,,,,,PSEO Pins,,,,,1000000,,DAILY,PAUSED,,,,,,,,,,,,,,,AUTOMATIC_BID,,,,,,,,,,,,,,,,,,,,,https://saasguide.org/social/tool-35-vs-tool-36.png,Tool 35 vs Tool 36 Comparison,"Unbiased comparison of features, pricing, and pros/cons.",,,,,,IMAGE,,https://saasguide.org/tool-35-vs-tool-36,,,,,,,,,,,,,,,,,,,,,,,,,,,,,,,,,,,,,,,,,,,,,,,,,,,,,,,,,,,,,,,,,,,,,,,,,,,,,,,,
,AWARENESS,PSEO Traffic Gen,PAUSED,,,,,,,,,,,,,,,PSEO Pins,,,,,1000000,,DAILY,PAUSED,,,,,,,,,,,,,,,AUTOMATIC_BID,,,,,,,,,,,,,,,,,,,,,https://saasguide.org/social/tool-36-vs-tool-37.png,Tool 36 vs Tool 37 Comparison,"Unbiased comparison of features, pricing, and pros/cons.",,,,,,IMAGE,,https://saasguide.org/tool-36-vs-tool-37,,,,,,,,,,,,,,,,,,,,,,,,,,,,,,,,,,,,,,,,,,,,,,,,,,,,,,,,,,,,,,,,,,,,,,,,,,,,,,,,
,AWARENESS,PSEO Traffic Gen,PAUSED,,,,,,,,,,,,,,,PSEO Pins,,,,,1000000,,DAILY,PAUSED,,,,,,,,,,,,,,,AUTOMATIC_BID,,,,,,,,,,,,,,,,,,,,,https://saasguide.org/social/tool-37-vs-tool-38.png,Tool 37 vs Tool 38 Comparison,"Unbiased comparison of features, pricing, and pros/cons.",,,,,,IMAGE,,https://saasguide.org/tool-37-vs-tool-38,,,,,,,,,,,,,,,,,,,,,,,,,,,,,,,,,,,,,,,,,,,,,,,,,,,,,,,,,,,,,,,,,,,,,,,,,,,,,,,,
,AWARENESS,PSEO Traffic Gen,PAUSED,,,,,,,,,,,,,,,PSEO Pins,,,,,1000000,,DAILY,PAUSED,,,,,,,,,,,,,,,AUTOMATIC_BID,,,,,,,,,,,,,,,,,,,,,https://saasguide.org/social/tool-38-vs-tool-39.png,Tool 38 vs Tool 39 Comparison,"Unbiased comparison of features, pricing, and pros/cons.",,,,,,IMAGE,,https://saasguide.org/tool-38-vs-tool-39,,,,,,,,,,,,,,,,,,,,,,,,,,,,,,,,,,,,,,,,,,,,,,,,,,,,,,,,,,,,,,,,,,,,,,,,,,,,,,,,
,AWARENESS,PSEO Traffic Gen,PAUSED,,,,,,,,,,,,,,,PSEO Pins,,,,,1000000,,DAILY,PAUSED,,,,,,,,,,,,,,,AUTOMATIC_BID,,,,,,,,,,,,,,,,,,,,,https://saasguide.org/social/tool-39-vs-tool-40.png,Tool 39 vs Tool 40 Comparison,"Unbiased comparison of features, pricing, and pros/cons.",,,,,,IMAGE,,https://saasguide.org/tool-39-vs-tool-40,,,,,,,,,,,,,,,,,,,,,,,,,,,,,,,,,,,,,,,,,,,,,,,,,,,,,,,,,,,,,,,,,,,,,,,,,,,,,,,,
,AWARENESS,PSEO Traffic Gen,PAUSED,,,,,,,,,,,,,,,PSEO Pins,,,,,1000000,,DAILY,PAUSED,,,,,,,,,,,,,,,AUTOMATIC_BID,,,,,,,,,,,,,,,,,,,,,https://saasguide.org/social/tool-40-vs-tool-41.png,Tool 40 vs Tool 41 Comparison,"Unbiased comparison of features, pricing, and pros/cons.",,,,,,IMAGE,,https://saasguide.org/tool-40-vs-tool-41,,,,,,,,,,,,,,,,,,,,,,,,,,,,,,,,,,,,,,,,,,,,,,,,,,,,,,,,,,,,,,,,,,,,,,,,,,,,,,,,
,AWARENESS,PSEO Traffic Gen,PAUSED,,,,,,,,,,,,,,,PSEO Pins,,,,,1000000,,DAILY,PAUSED,,,,,,,,,,,,,,,AUTOMATIC_BID,,,,,,,,,,,,,,,,,,,,,https://saasguide.org/social/tool-41-vs-tool-42.png,Tool 41 vs Tool 42 Comparison,"Unbiased comparison of features, pricing, and pros/cons.",,,,,,IMAGE,,https://saasguide.org/tool-41-vs-tool-42,,,,,,,,,,,,,,,,,,,,,,,,,,,,,,,,,,,,,,,,,,,,,,,,,,,,,,,,,,,,,,,,,,,,,,,,,,,,,,,,
,AWARENESS,PSEO Traffic Gen,PAUSED,,,,,,,,,,,,,,,PSEO Pins,,,,,1000000,,DAILY,PAUSED,,,,,,,,,,,,,,,AUTOMATIC_BID,,,,,,,,,,,,,,,,,,,,,https://saasguide.org/social/tool-42-vs-tool-43.png,Tool 42 vs Tool 43 Comparison,"Unbiased comparison of features, pricing, and pros/cons.",,,,,,IMAGE,,https://saasguide.org/tool-42-vs-tool-43,,,,,,,,,,,,,,,,,,,,,,,,,,,,,,,,,,,,,,,,,,,,,,,,,,,,,,,,,,,,,,,,,,,,,,,,,,,,,,,,
,AWARENESS,PSEO Traffic Gen,PAUSED,,,,,,,,,,,,,,,PSEO Pins,,,,,1000000,,DAILY,PAUSED,,,,,,,,,,,,,,,AUTOMATIC_BID,,,,,,,,,,,,,,,,,,,,,https://saasguide.org/social/tool-43-vs-tool-44.png,Tool 43 vs Tool 44 Comparison,"Unbiased comparison of features, pricing, and pros/cons.",,,,,,IMAGE,,https://saasguide.org/tool-43-vs-tool-44,,,,,,,,,,,,,,,,,,,,,,,,,,,,,,,,,,,,,,,,,,,,,,,,,,,,,,,,,,,,,,,,,,,,,,,,,,,,,,,,
,AWARENESS,PSEO Traffic Gen,PAUSED,,,,,,,,,,,,,,,PSEO Pins,,,,,1000000,,DAILY,PAUSED,,,,,,,,,,,,,,,AUTOMATIC_BID,,,,,,,,,,,,,,,,,,,,,https://saasguide.org/social/tool-44-vs-tool-45.png,Tool 44 vs Tool 45 Comparison,"Unbiased comparison of features, pricing, and pros/cons.",,,,,,IMAGE,,https://saasguide.org/tool-44-vs-tool-45,,,,,,,,,,,,,,,,,,,,,,,,,,,,,,,,,,,,,,,,,,,,,,,,,,,,,,,,,,,,,,,,,,,,,,,,,,,,,,,,
,AWARENESS,PSEO Traffic Gen,PAUSED,,,,,,,,,,,,,,,PSEO Pins,,,,,1000000,,DAILY,PAUSED,,,,,,,,,,,,,,,AUTOMATIC_BID,,,,,,,,,,,,,,,,,,,,,https://saasguide.org/social/tool-45-vs-tool-46.png,Tool 45 vs Tool 46 Comparison,"Unbiased comparison of features, pricing, and pros/cons.",,,,,,IMAGE,,https://saasguide.org/tool-45-vs-tool-46,,,,,,,,,,,,,,,,,,,,,,,,,,,,,,,,,,,,,,,,,,,,,,,,,,,,,,,,,,,,,,,,,,,,,,,,,,,,,,,,
,AWARENESS,PSEO Traffic Gen,PAUSED,,,,,,,,,,,,,,,PSEO Pins,,,,,1000000,,DAILY,PAUSED,,,,,,,,,,,,,,,AUTOMATIC_BID,,,,,,,,,,,,,,,,,,,,,https://saasguide.org/social/tool-46-vs-tool-47.png,Tool 46 vs Tool 47 Comparison,"Unbiased comparison of features, pricing, and pros/cons.",,,,,,IMAGE,,https://saasguide.org/tool-46-vs-tool-47,,,,,,,,,,,,,,,,,,,,,,,,,,,,,,,,,,,,,,,,,,,,,,,,,,,,,,,,,,,,,,,,,,,,,,,,,,,,,,,,
,AWARENESS,PSEO Traffic Gen,PAUSED,,,,,,,,,,,,,,,PSEO Pins,,,,,1000000,,DAILY,PAUSED,,,,,,,,,,,,,,,AUTOMATIC_BID,,,,,,,,,,,,,,,,,,,,,https://saasguide.org/social/tool-47-vs-tool-48.png,Tool 47 vs Tool 48 Comparison,"Unbiased comparison of features, pricing, and pros/cons.",,,,,,IMAGE,,https://saasguide.org/tool-47-vs-tool-48,,,,,,,,,,,,,,,,,,,,,,,,,,,,,,,,,,,,,,,,,,,,,,,,,,,,,,,,,,,,,,,,,,,,,,,,,,,,,,,,
,AWARENESS,PSEO Traffic Gen,PAUSED,,,,,,,,,,,,,,,PSEO Pins,,,,,1000000,,DAILY,PAUSED,,,,,,,,,,,,,,,AUTOMATIC_BID,,,,,,,,,,,,,,,,,,,,,https://saasguide.org/social/tool-48-vs-tool-49.png,Tool 48 vs Tool 49 Comparison,"Unbiased comparison of features, pricing, and pros/cons.",,,,,,IMAGE,,https://saasguide.org/tool-48-vs-tool-49,,,,,,,,,,,,,,,,,,,,,,,,,,,,,,,,,,,,,,,,,,,,,,,,,,,,,,,,,,,,,,,,,,,,,,,,,,,,,,,,
,AWARENESS,PSEO Traffic Gen,PAUSED,,,,,,,,,,,,,,,PSEO Pins,,,,,1000000,,DAILY,PAUSED,,,,,,,,,,,,,,,AUTOMATIC_BID,,,,,,,,,,,,,,,,,,,,,https://saasguide.org/social/tool-49-vs-tool-50.png,Tool 49 vs Tool 50 Comparison,"Unbiased comparison of features, pricing, and pros/cons.",,,,,,IMAGE,,https://saasguide.org/tool-49-vs-tool-50,,,,,,,,,,,,,,,,,,,,,,,,,,,,,,,,,,,,,,,,,,,,,,,,,,,,,,,,,,,,,,,,,,,,,,,,,,,,,,,,
,AWARENESS,PSEO Traffic Gen,PAUSED,,,,,,,,,,,,,,,PSEO Pins,,,,,1000000,,DAILY,PAUSED,,,,,,,,,,,,,,,AUTOMATIC_BID,,,,,,,,,,,,,,,,,,,,,https://saasguide.org/social/tool-50-vs-tool-51.png,Tool 50 vs Tool 51 Comparison,"Unbiased comparison of features, pricing, and pros/cons.",,,,,,IMAGE,,https://saasguide.org/tool-50-vs-tool-51,,,,,,,,,,,,,,,,,,,,,,,,,,,,,,,,,,,,,,,,,,,,,,,,,,,,,,,,,,,,,,,,,,,,,,,,,,,,,,,,
